ID,Name,Email Address,Section,First Name,Last Name,Homework 1,Homework 1 - Max Points,Homework 1 - Submission Time,Homework 2,Homework 2 - Max Points,Homework 2 - Submission Time,Homework 3,Homework 3 - Max Points,Homework 3 - Submission Time,Homework 4,Homework 4 - Max Points,Homework 4 - Submission Time,Homework 5,Homework 5 - Max Points,Homework 5 - Submission Time,Homework 6,Homework 6 - Max Points,Homework 6 - Submission Time,Homework 7,Homework 7 - Max Points,Homework 7 - Submission Time,Homework 8,Homework 8 - Max Points,Homework 8 - Submission Time,Homework 9,Homework 9 - Max Points,Homework 9 - Submission Time,Homework 10,Homework 10 - Max Points,Homework 10 - Submission Time,Exam 1,Exam 1 - Max Points,Exam 1 - Submission Time,Exam 2,Exam 2 - Max Points,Exam 2 - Submission Time,Exam 3,Exam 3 - Max Points,Exam 3 - Submission Time,Grade,Exam 1 Pct,Exam 2 Pct,Exam 3 Pct
1234567,"Barrera Jr., Woody",woody.barrera_jr@univ.edu,1,Woody,Barrera,55.0,80,2019-08-29 08:56:02-07:00,62,80,2019-09-05 08:56:02-07:00,73,80,2019-09-12 08:56:02-07:00,83,100,2019-09-19 08:56:02-07:00,68,70,2019-09-26 08:56:02-07:00,87,90,2019-10-03 08:56:02-07:00,36,50,2019-10-10 08:56:02-07:00,43,70,2019-10-17 08:56:02-07:00,45,60,2019-10-24 08:56:02-07:00,46,60,2019-10-31 08:56:02-07:00,86,100,2019-10-08 12:30:07-07:00,62,100,2019-11-08 12:30:07-07:00,90,100,2019-12-08 12:30:07-07:00,11,0.86,0.62,0.9
2345678,"Lambert, Malaika",malaika.lambert@univ.edu,2,Malaika,Lambert,63.0,80,2019-08-29 08:56:02-07:00,57,80,2019-09-05 08:56:02-07:00,78,80,2019-09-12 08:56:02-07:00,83,100,2019-09-19 08:56:02-07:00,61,70,2019-09-26 08:56:02-07:00,88,90,2019-10-03 08:56:02-07:00,42,50,2019-10-10 08:56:02-07:00,58,70,2019-10-17 08:56:02-07:00,45,60,2019-10-24 08:56:02-07:00,37,60,2019-10-31 08:56:02-07:00,60,100,2019-10-08 12:30:07-07:00,91,100,2019-11-08 12:30:07-07:00,93,100,2019-12-08 12:30:07-07:00,10,0.6,0.91,0.93
3456789,"Joyce, Traci",traci.joyce@univ.edu,1,Traci,Joyce,0.0,80,2019-08-29 08:56:02-07:00,77,80,2019-09-05 08:56:02-07:00,58,80,2019-09-12 08:56:02-07:00,91,100,2019-09-19 08:56:02-07:00,66,70,2019-09-26 08:56:02-07:00,78,90,2019-10-03 08:56:02-07:00,30,50,2019-10-10 08:56:02-07:00,69,70,2019-10-17 08:56:02-07:00,59,60,2019-10-24 08:56:02-07:00,53,60,2019-10-31 08:56:02-07:00,100,100,2019-10-08 12:30:07-07:00,84,100,2019-11-08 12:30:07-07:00,64,100,2019-12-08 12:30:07-07:00,14,1.0,0.84,0.64
4567890,"Flower, John Gregg",john.g.2.flower@univ.edu,3,Gregg,Flower,69.0,80,2019-08-29 08:56:02-07:00,52,80,2019-09-05 08:56:02-07:00,64,80,2019-09-12 08:56:02-07:00,75,100,2019-09-19 08:56:02-07:00,61,70,2019-09-26 08:56:02-07:00,83,90,2019-10-03 08:56:02-07:00,41,50,2019-10-10 08:56:02-07:00,43,70,2019-10-17 08:56:02-07:00,42,60,2019-10-24 08:56:02-07:00,40,60,2019-10-31 08:56:02-07:00,72,100,2019-10-08 12:30:07-07:00,83,100,2019-11-08 12:30:07-07:00,77,100,2019-12-08 12:30:07-07:00,8,0.72,0.83,0.77
8406082,"Johnson, Stacy Michael",stacy.johnson@univ.edu,2,Stacy,Johnson,74.0,80,2019-08-29 08:56:02-07:00,55,80,2019-09-05 08:56:02-07:00,60,80,2019-09-12 08:56:02-07:00,67,100,2019-09-19 08:56:02-07:00,46,70,2019-09-26 08:56:02-07:00,85,90,2019-10-03 08:56:02-07:00,43,50,2019-10-10 08:56:02-07:00,42,70,2019-10-17 08:56:02-07:00,59,60,2019-10-24 08:56:02-07:00,48,60,2019-10-31 08:56:02-07:00,96,100,2019-10-08 12:30:07-07:00,80,100,2019-11-08 12:30:07-07:00,86,100,2019-12-08 12:30:07-07:00,11,0.96,0.8,0.86
2546149,"Saunders, Richard",richard.saunders@univ.edu,1,Richard,Saunders,53.0,80,2019-08-29 08:56:02-07:00,56,80,2019-09-05 08:56:02-07:00,48,80,2019-09-12 08:56:02-07:00,87,100,2019-09-19 08:56:02-07:00,46,70,2019-09-26 08:56:02-07:00,55,90,2019-10-03 08:56:02-07:00,32,50,2019-10-10 08:56:02-07:00,57,70,2019-10-17 08:56:02-07:00,56,60,2019-10-24 08:56:02-07:00,36,60,2019-10-31 08:56:02-07:00,65,100,2019-10-08 12:30:07-07:00,93,100,2019-11-08 12:30:07-07:00,64,100,2019-12-08 12:30:07-07:00,15,0.65,0.93,0.64
6426067,"Anderson, Daisy Michael",daisy.anderson@univ.edu,2,Daisy,Anderson,64.0,80,2019-08-29 08:56:02-07:00,52,80,2019-09-05 08:56:02-07:00,57,80,2019-09-12 08:56:02-07:00,84,100,2019-09-19 08:56:02-07:00,54,70,2019-09-26 08:56:02-07:00,63,90,2019-10-03 08:56:02-07:00,34,50,2019-10-10 08:56:02-07:00,45,70,2019-10-17 08:56:02-07:00,38,60,2019-10-24 08:56:02-07:00,45,60,2019-10-31 08:56:02-07:00,92,100,2019-10-08 12:30:07-07:00,66,100,2019-11-08 12:30:07-07:00,94,100,2019-12-08 12:30:07-07:00,10,0.92,0.66,0.94
5622557,"Watson, Holly Samuel",holly.watson@univ.edu,2,Holly,Watson,66.0,80,2019-08-29 08:56:02-07:00,51,80,2019-09-05 08:56:02-07:00,66,80,2019-09-12 08:56:02-07:00,79,100,2019-09-19 08:56:02-07:00,53,70,2019-09-26 08:56:02-07:00,55,90,2019-10-03 08:56:02-07:00,35,50,2019-10-10 08:56:02-07:00,61,70,2019-10-17 08:56:02-07:00,49,60,2019-10-24 08:56:02-07:00,49,60,2019-10-31 08:56:02-07:00,81,100,2019-10-08 12:30:07-07:00,100,100,2019-11-08 12:30:07-07:00,90,100,2019-12-08 12:30:07-07:00,10,0.81,1.0,0.9
2916149,"Reilly, Brandy Kevin",brandy.reilly@univ.edu,2,Brandy,Reilly,70.0,80,2019-08-29 08:56:02-07:00,80,80,2019-09-05 08:56:02-07:00,55,80,2019-09-12 08:56:02-07:00,84,100,2019-09-19 08:56:02-07:00,42,70,2019-09-26 08:56:02-07:00,79,90,2019-10-03 08:56:02-07:00,44,50,2019-10-10 08:56:02-07:00,60,70,2019-10-17 08:56:02-07:00,45,60,2019-10-24 08:56:02-07:00,52,60,2019-10-31 08:56:02-07:00,69,100,2019-10-08 12:30:07-07:00,67,100,2019-11-08 12:30:07-07:00,95,100,2019-12-08 12:30:07-07:00,6,0.69,0.67,0.95
2218112,"Carter, Lorraine",lorraine.carter@univ.edu,2,Lorraine,Carter,50.0,80,2019-08-29 08:56:02-07:00,66,80,2019-09-05 08:56:02-07:00,62,80,2019-09-12 08:56:02-07:00,80,100,2019-09-19 08:56:02-07:00,42,70,2019-09-26 08:56:02-07:00,66,90,2019-10-03 08:56:02-07:00,38,50,2019-10-10 08:56:02-07:00,56,70,2019-10-17 08:56:02-07:00,45,60,2019-10-24 08:56:02-07:00,43,60,2019-10-31 08:56:02-07:00,68,100,2019-10-08 12:30:07-07:00,69,100,2019-11-08 12:30:07-07:00,99,100,2019-12-08 12:30:07-07:00,14,0.68,0.69,0.99
6097881,"Price, Ricardo",ricardo.price@univ.edu,3,Ricardo,Price,77.0,80,2019-08-29 08:56:02-07:00,74,80,2019-09-05 08:56:02-07:00,67,80,2019-09-12 08:56:02-07:00,67,100,2019-09-19 08:56:02-07:00,67,70,2019-09-26 08:56:02-07:00,58,90,2019-10-03 08:56:02-07:00,41,50,2019-10-10 08:56:02-07:00,60,70,2019-10-17 08:56:02-07:00,38,60,2019-10-24 08:56:02-07:00,55,60,2019-10-31 08:56:02-07:00,68,100,2019-10-08 12:30:07-07:00,92,100,2019-11-08 12:30:07-07:00,75,100,2019-12-08 12:30:07-07:00,8,0.68,0.92,0.75
2968584,"Douglas, Robert",robert.douglas@univ.edu,2,Robert,Douglas,57.0,80,2019-08-29 08:56:02-07:00,53,80,2019-09-05 08:56:02-07:00,73,80,2019-09-12 08:56:02-07:00,78,100,2019-09-19 08:56:02-07:00,42,70,2019-09-26 08:56:02-07:00,83,90,2019-10-03 08:56:02-07:00,41,50,2019-10-10 08:56:02-07:00,69,70,2019-10-17 08:56:02-07:00,44,60,2019-10-24 08:56:02-07:00,39,60,2019-10-31 08:56:02-07:00,86,100,2019-10-08 12:30:07-07:00,67,100,2019-11-08 12:30:07-07:00,87,100,2019-12-08 12:30:07-07:00,13,0.86,0.67,0.87
6972487,"White, Amy Leslie",amy.white@univ.edu,3,Amy,White,71.0,80,2019-08-29 08:56:02-07:00,60,80,2019-09-05 08:56:02-07:00,72,80,2019-09-12 08:56:02-07:00,95,100,2019-09-19 08:56:02-07:00,64,70,2019-09-26 08:56:02-07:00,87,90,2019-10-03 08:56:02-07:00,40,50,2019-10-10 08:56:02-07:00,43,70,2019-10-17 08:56:02-07:00,47,60,2019-10-24 08:56:02-07:00,41,60,2019-10-31 08:56:02-07:00,99,100,2019-10-08 12:30:07-07:00,95,100,2019-11-08 12:30:07-07:00,99,100,2019-12-08 12:30:07-07:00,15,0.99,0.95,0.99
2886234,"Houston, Emily Donna",emily.houston@univ.edu,1,Emily,Houston,54.0,80,2019-08-29 08:56:02-07:00,60,80,2019-09-05 08:56:02-07:00,56,80,2019-09-12 08:56:02-07:00,71,100,2019-09-19 08:56:02-07:00,56,70,2019-09-26 08:56:02-07:00,71,90,2019-10-03 08:56:02-07:00,46,50,2019-10-10 08:56:02-07:00,55,70,2019-10-17 08:56:02-07:00,52,60,2019-10-24 08:56:02-07:00,40,60,2019-10-31 08:56:02-07:00,100,100,2019-10-08 12:30:07-07:00,78,100,2019-11-08 12:30:07-07:00,87,100,2019-12-08 12:30:07-07:00,17,1.0,0.78,0.87
5704583,"Bennett, Richard Jamie",richard.bennett@univ.edu,1,Richard,Bennett,76.0,80,2019-08-29 08:56:02-07:00,75,80,2019-09-05 08:56:02-07:00,77,80,2019-09-12 08:56:02-07:00,68,100,2019-09-19 08:56:02-07:00,49,70,2019-09-26 08:56:02-07:00,80,90,2019-10-03 08:56:02-07:00,34,50,2019-10-10 08:56:02-07:00,45,70,2019-10-17 08:56:02-07:00,57,60,2019-10-24 08:56:02-07:00,53,60,2019-10-31 08:56:02-07:00,66,100,2019-10-08 12:30:07-07:00,97,100,2019-11-08 12:30:07-07:00,88,100,2019-12-08 12:30:07-07:00,9,0.66,0.97,0.88
1905666,"Simpson, Felicia",felicia.simpson@univ.edu,3,Felicia,Simpson,59.0,80,2019-08-29 08:56:02-07:00,66,80,2019-09-05 08:56:02-07:00,77,80,2019-09-12 08:56:02-07:00,73,100,2019-09-19 08:56:02-07:00,60,70,2019-09-26 08:56:02-07:00,90,90,2019-10-03 08:56:02-07:00,36,50,2019-10-10 08:56:02-07:00,63,70,2019-10-17 08:56:02-07:00,53,60,2019-10-24 08:56:02-07:00,41,60,2019-10-31 08:56:02-07:00,63,100,2019-10-08 12:30:07-07:00,90,100,2019-11-08 12:30:07-07:00,99,100,2019-12-08 12:30:07-07:00,13,0.63,0.9,0.99
4412160,"Powers, Brooke David",brooke.powers@univ.edu,1,Brooke,Powers,80.0,80,2019-08-29 08:56:02-07:00,60,80,2019-09-05 08:56:02-07:00,53,80,2019-09-12 08:56:02-07:00,66,100,2019-09-19 08:56:02-07:00,46,70,2019-09-26 08:56:02-07:00,85,90,2019-10-03 08:56:02-07:00,45,50,2019-10-10 08:56:02-07:00,54,70,2019-10-17 08:56:02-07:00,44,60,2019-10-24 08:56:02-07:00,57,60,2019-10-31 08:56:02-07:00,77,100,2019-10-08 12:30:07-07:00,87,100,2019-11-08 12:30:07-07:00,90,100,2019-12-08 12:30:07-07:00,17,0.77,0.87,0.9
8794639,"Miller, Stephen Elizabeth",stephen.miller@univ.edu,2,Stephen,Miller,50.0,80,2019-08-29 08:56:02-07:00,48,80,2019-09-05 08:56:02-07:00,63,80,2019-09-12 08:56:02-07:00,77,100,2019-09-19 08:56:02-07:00,57,70,2019-09-26 08:56:02-07:00,81,90,2019-10-03 08:56:02-07:00,49,50,2019-10-10 08:56:02-07:00,69,70,2019-10-17 08:56:02-07:00,55,60,2019-10-24 08:56:02-07:00,41,60,2019-10-31 08:56:02-07:00,72,100,2019-10-08 12:30:07-07:00,70,100,2019-11-08 12:30:07-07:00,97,100,2019-12-08 12:30:07-07:00,7,0.72,0.7,0.97
8164846,"Graham, Benjamin James",benjamin.graham@univ.edu,2,Benjamin,Graham,64.0,80,2019-08-29 08:56:02-07:00,52,80,2019-09-05 08:56:02-07:00,58,80,2019-09-12 08:56:02-07:00,87,100,2019-09-19 08:56:02-07:00,60,70,2019-09-26 08:56:02-07:00,89,90,2019-10-03 08:56:02-07:00,41,50,2019-10-10 08:56:02-07:00,45,70,2019-10-17 08:56:02-07:00,50,60,2019-10-24 08:56:02-07:00,37,60,2019-10-31 08:56:02-07:00,81,100,2019-10-08 12:30:07-07:00,73,100,2019-11-08 12:30:07-07:00,81,100,2019-12-08 12:30:07-07:00,6,0.81,0.73,0.81
1590887,"Glover, Heidi",heidi.glover@univ.edu,2,Heidi,Glover,65.0,80,2019-08-29 08:56:02-07:00,52,80,2019-09-05 08:56:02-07:00,60,80,2019-09-12 08:56:02-07:00,65,100,2019-09-19 08:56:02-07:00,45,70,2019-09-26 08:56:02-07:00,81,90,2019-10-03 08:56:02-07:00,47,50,2019-10-10 08:56:02-07:00,43,70,2019-10-17 08:56:02-07:00,51,60,2019-10-24 08:56:02-07:00,48,60,2019-10-31 08:56:02-07:00,60,100,2019-10-08 12:30:07-07:00,83,100,2019-11-08 12:30:07-07:00,83,100,2019-12-08 12:30:07-07:00,10,0.6,0.83,0.83
1454597,"Rogers, Sherry Benjamin",sherry.rogers@univ.edu,2,Sherry,Rogers,58.0,80,2019-08-29 08:56:02-07:00,60,80,2019-09-05 08:56:02-07:00,49,80,2019-09-12 08:56:02-07:00,68,100,2019-09-19 08:56:02-07:00,50,70,2019-09-26 08:56:02-07:00,75,90,2019-10-03 08:56:02-07:00,33,50,2019-10-10 08:56:02-07:00,44,70,2019-10-17 08:56:02-07:00,55,60,2019-10-24 08:56:02-07:00,56,60,2019-10-31 08:56:02-07:00,63,100,2019-10-08 12:30:07-07:00,92,100,2019-11-08 12:30:07-07:00,80,100,2019-12-08 12:30:07-07:00,17,0.63,0.92,0.8
6984374,"Roberts, Steven Katherine",steven.roberts@univ.edu,2,Steven,Roberts,56.0,80,2019-08-29 08:56:02-07:00,75,80,2019-09-05 08:56:02-07:00,76,80,2019-09-12 08:56:02-07:00,92,100,2019-09-19 08:56:02-07:00,59,70,2019-09-26 08:56:02-07:00,74,90,2019-10-03 08:56:02-07:00,38,50,2019-10-10 08:56:02-07:00,60,70,2019-10-17 08:56:02-07:00,59,60,2019-10-24 08:56:02-07:00,49,60,2019-10-31 08:56:02-07:00,70,100,2019-10-08 12:30:07-07:00,80,100,2019-11-08 12:30:07-07:00,67,100,2019-12-08 12:30:07-07:00,8,0.7,0.8,0.67
9248728,"Young, Joseph Teresa",joseph.young@univ.edu,1,Joseph,Young,51.0,80,2019-08-29 08:56:02-07:00,69,80,2019-09-05 08:56:02-07:00,60,80,2019-09-12 08:56:02-07:00,68,100,2019-09-19 08:56:02-07:00,67,70,2019-09-26 08:56:02-07:00,63,90,2019-10-03 08:56:02-07:00,49,50,2019-10-10 08:56:02-07:00,42,70,2019-10-17 08:56:02-07:00,55,60,2019-10-24 08:56:02-07:00,49,60,2019-10-31 08:56:02-07:00,72,100,2019-10-08 12:30:07-07:00,68,100,2019-11-08 12:30:07-07:00,96,100,2019-12-08 12:30:07-07:00,12,0.72,0.68,0.96
2332731,"Guzman, Cynthia",cynthia.guzman@univ.edu,1,Cynthia,Guzman,63.0,80,2019-08-29 08:56:02-07:00,68,80,2019-09-05 08:56:02-07:00,48,80,2019-09-12 08:56:02-07:00,67,100,2019-09-19 08:56:02-07:00,55,70,2019-09-26 08:56:02-07:00,54,90,2019-10-03 08:56:02-07:00,38,50,2019-10-10 08:56:02-07:00,51,70,2019-10-17 08:56:02-07:00,57,60,2019-10-24 08:56:02-07:00,47,60,2019-10-31 08:56:02-07:00,64,100,2019-10-08 12:30:07-07:00,74,100,2019-11-08 12:30:07-07:00,66,100,2019-12-08 12:30:07-07:00,14,0.64,0.74,0.66
6611132,"Delgado, Desiree Jennifer",desiree.delgado@univ.edu,2,Desiree,Delgado,69.0,80,2019-08-29 08:56:02-07:00,74,80,2019-09-05 08:56:02-07:00,74,80,2019-09-12 08:56:02-07:00,64,100,2019-09-19 08:56:02-07:00,60,70,2019-09-26 08:56:02-07:00,55,90,2019-10-03 08:56:02-07:00,31,50,2019-10-10 08:56:02-07:00,55,70,2019-10-17 08:56:02-07:00,55,60,2019-10-24 08:56:02-07:00,51,60,2019-10-31 08:56:02-07:00,88,100,2019-10-08 12:30:07-07:00,69,100,2019-11-08 12:30:07-07:00,78,100,2019-12-08 12:30:07-07:00,9,0.88,0.69,0.78
5505240,"Warren, Tamara Shawn",tamara.warren@univ.edu,1,Tamara,Warren,74.0,80,2019-08-29 08:56:02-07:00,53,80,2019-09-05 08:56:02-07:00,48,80,2019-09-12 08:56:02-07:00,92,100,2019-09-19 08:56:02-07:00,57,70,2019-09-26 08:56:02-07:00,58,90,2019-10-03 08:56:02-07:00,44,50,2019-10-10 08:56:02-07:00,54,70,2019-10-17 08:56:02-07:00,56,60,2019-10-24 08:56:02-07:00,52,60,2019-10-31 08:56:02-07:00,77,100,2019-10-08 12:30:07-07:00,80,100,2019-11-08 12:30:07-07:00,99,100,2019-12-08 12:30:07-07:00,16,0.77,0.8,0.99
8776566,"Harris, John Lisa",john.harris@univ.edu,1,John,Harris,74.0,80,2019-08-29 08:56:02-07:00,77,80,2019-09-05 08:56:02-07:00,53,80,2019-09-12 08:56:02-07:00,89,100,2019-09-19 08:56:02-07:00,69,70,2019-09-26 08:56:02-07:00,87,90,2019-10-03 08:56:02-07:00,47,50,2019-10-10 08:56:02-07:00,43,70,2019-10-17 08:56:02-07:00,39,60,2019-10-24 08:56:02-07:00,60,60,2019-10-31 08:56:02-07:00,91,100,2019-10-08 12:30:07-07:00,90,100,2019-11-08 12:30:07-07:00,95,100,2019-12-08 12:30:07-07:00,12,0.91,0.9,0.95
5780203,"Good, Sherry Mark",sherry.good@univ.edu,2,Sherry,Good,50.0,80,2019-08-29 08:56:02-07:00,48,80,2019-09-05 08:56:02-07:00,77,80,2019-09-12 08:56:02-07:00,94,100,2019-09-19 08:56:02-07:00,54,70,2019-09-26 08:56:02-07:00,77,90,2019-10-03 08:56:02-07:00,44,50,2019-10-10 08:56:02-07:00,62,70,2019-10-17 08:56:02-07:00,48,60,2019-10-24 08:56:02-07:00,47,60,2019-10-31 08:56:02-07:00,89,100,2019-10-08 12:30:07-07:00,88,100,2019-11-08 12:30:07-07:00,64,100,2019-12-08 12:30:07-07:00,7,0.89,0.88,0.64
7521527,"Brown, Kelsey Steven",kelsey.brown@univ.edu,2,Kelsey,Brown,78.0,80,2019-08-29 08:56:02-07:00,68,80,2019-09-05 08:56:02-07:00,52,80,2019-09-12 08:56:02-07:00,80,100,2019-09-19 08:56:02-07:00,51,70,2019-09-26 08:56:02-07:00,70,90,2019-10-03 08:56:02-07:00,49,50,2019-10-10 08:56:02-07:00,46,70,2019-10-17 08:56:02-07:00,59,60,2019-10-24 08:56:02-07:00,56,60,2019-10-31 08:56:02-07:00,80,100,2019-10-08 12:30:07-07:00,69,100,2019-11-08 12:30:07-07:00,83,100,2019-12-08 12:30:07-07:00,9,0.8,0.69,0.83
7474490,"Daniel, William Austin",william.daniel@univ.edu,2,William,Daniel,48.0,80,2019-08-29 08:56:02-07:00,60,80,2019-09-05 08:56:02-07:00,72,80,2019-09-12 08:56:02-07:00,76,100,2019-09-19 08:56:02-07:00,65,70,2019-09-26 08:56:02-07:00,60,90,2019-10-03 08:56:02-07:00,38,50,2019-10-10 08:56:02-07:00,62,70,2019-10-17 08:56:02-07:00,51,60,2019-10-24 08:56:02-07:00,36,60,2019-10-31 08:56:02-07:00,84,100,2019-10-08 12:30:07-07:00,91,100,2019-11-08 12:30:07-07:00,95,100,2019-12-08 12:30:07-07:00,10,0.84,0.91,0.95
9650939,"Lopez, Mark Steven",mark.lopez@univ.edu,1,Mark,Lopez,58.0,80,2019-08-29 08:56:02-07:00,51,80,2019-09-05 08:56:02-07:00,55,80,2019-09-12 08:56:02-07:00,69,100,2019-09-19 08:56:02-07:00,65,70,2019-09-26 08:56:02-07:00,81,90,2019-10-03 08:56:02-07:00,32,50,2019-10-10 08:56:02-07:00,59,70,2019-10-17 08:56:02-07:00,45,60,2019-10-24 08:56:02-07:00,40,60,2019-10-31 08:56:02-07:00,94,100,2019-10-08 12:30:07-07:00,87,100,2019-11-08 12:30:07-07:00,78,100,2019-12-08 12:30:07-07:00,15,0.94,0.87,0.78
1735079,"Hernandez, Taylor Harold",taylor.hernandez@univ.edu,1,Taylor,Hernandez,54.0,80,2019-08-29 08:56:02-07:00,52,80,2019-09-05 08:56:02-07:00,53,80,2019-09-12 08:56:02-07:00,67,100,2019-09-19 08:56:02-07:00,56,70,2019-09-26 08:56:02-07:00,77,90,2019-10-03 08:56:02-07:00,33,50,2019-10-10 08:56:02-07:00,57,70,2019-10-17 08:56:02-07:00,52,60,2019-10-24 08:56:02-07:00,46,60,2019-10-31 08:56:02-07:00,92,100,2019-10-08 12:30:07-07:00,83,100,2019-11-08 12:30:07-07:00,98,100,2019-12-08 12:30:07-07:00,14,0.92,0.83,0.98
6278235,"Miller, Jorge",jorge.miller@univ.edu,1,Jorge,Miller,69.0,80,2019-08-29 08:56:02-07:00,56,80,2019-09-05 08:56:02-07:00,59,80,2019-09-12 08:56:02-07:00,88,100,2019-09-19 08:56:02-07:00,50,70,2019-09-26 08:56:02-07:00,67,90,2019-10-03 08:56:02-07:00,47,50,2019-10-10 08:56:02-07:00,64,70,2019-10-17 08:56:02-07:00,58,60,2019-10-24 08:56:02-07:00,57,60,2019-10-31 08:56:02-07:00,74,100,2019-10-08 12:30:07-07:00,73,100,2019-11-08 12:30:07-07:00,81,100,2019-12-08 12:30:07-07:00,6,0.74,0.73,0.81
5665427,"Terry, Thomas",thomas.terry@univ.edu,1,Thomas,Terry,72.0,80,2019-08-29 08:56:02-07:00,60,80,2019-09-05 08:56:02-07:00,51,80,2019-09-12 08:56:02-07:00,96,100,2019-09-19 08:56:02-07:00,51,70,2019-09-26 08:56:02-07:00,87,90,2019-10-03 08:56:02-07:00,31,50,2019-10-10 08:56:02-07:00,43,70,2019-10-17 08:56:02-07:00,41,60,2019-10-24 08:56:02-07:00,50,60,2019-10-31 08:56:02-07:00,83,100,2019-10-08 12:30:07-07:00,74,100,2019-11-08 12:30:07-07:00,99,100,2019-12-08 12:30:07-07:00,13,0.83,0.74,0.99
3830106,"Smith, Crystal Jason",crystal.smith@univ.edu,3,Crystal,Smith,63.0,80,2019-08-29 08:56:02-07:00,80,80,2019-09-05 08:56:02-07:00,59,80,2019-09-12 08:56:02-07:00,90,100,2019-09-19 08:56:02-07:00,48,70,2019-09-26 08:56:02-07:00,66,90,2019-10-03 08:56:02-07:00,48,50,2019-10-10 08:56:02-07:00,64,70,2019-10-17 08:56:02-07:00,52,60,2019-10-24 08:56:02-07:00,58,60,2019-10-31 08:56:02-07:00,85,100,2019-10-08 12:30:07-07:00,88,100,2019-11-08 12:30:07-07:00,60,100,2019-12-08 12:30:07-07:00,8,0.85,0.88,0.6
9204701,"Cooper, Adam Melvin",adam.cooper@univ.edu,2,Adam,Cooper,80.0,80,2019-08-29 08:56:02-07:00,78,80,2019-09-05 08:56:02-07:00,78,80,2019-09-12 08:56:02-07:00,87,100,2019-09-19 08:56:02-07:00,65,70,2019-09-26 08:56:02-07:00,55,90,2019-10-03 08:56:02-07:00,44,50,2019-10-10 08:56:02-07:00,44,70,2019-10-17 08:56:02-07:00,45,60,2019-10-24 08:56:02-07:00,53,60,2019-10-31 08:56:02-07:00,65,100,2019-10-08 12:30:07-07:00,63,100,2019-11-08 12:30:07-07:00,90,100,2019-12-08 12:30:07-07:00,16,0.65,0.63,0.9
9365638,"Brock, Lauren Mark",lauren.brock@univ.edu,2,Lauren,Brock,74.0,80,2019-08-29 08:56:02-07:00,58,80,2019-09-05 08:56:02-07:00,62,80,2019-09-12 08:56:02-07:00,82,100,2019-09-19 08:56:02-07:00,54,70,2019-09-26 08:56:02-07:00,87,90,2019-10-03 08:56:02-07:00,30,50,2019-10-10 08:56:02-07:00,51,70,2019-10-17 08:56:02-07:00,60,60,2019-10-24 08:56:02-07:00,54,60,2019-10-31 08:56:02-07:00,75,100,2019-10-08 12:30:07-07:00,72,100,2019-11-08 12:30:07-07:00,96,100,2019-12-08 12:30:07-07:00,11,0.75,0.72,0.96
3711195,"Ramirez, Timothy",timothy.ramirez@univ.edu,3,Timothy,Ramirez,72.0,80,2019-08-29 08:56:02-07:00,73,80,2019-09-05 08:56:02-07:00,65,80,2019-09-12 08:56:02-07:00,73,100,2019-09-19 08:56:02-07:00,49,70,2019-09-26 08:56:02-07:00,79,90,2019-10-03 08:56:02-07:00,49,50,2019-10-10 08:56:02-07:00,57,70,2019-10-17 08:56:02-07:00,54,60,2019-10-24 08:56:02-07:00,51,60,2019-10-31 08:56:02-07:00,84,100,2019-10-08 12:30:07-07:00,69,100,2019-11-08 12:30:07-07:00,87,100,2019-12-08 12:30:07-07:00,13,0.84,0.69,0.87
6847480,"Smith, Andrea Erica",andrea.smith@univ.edu,2,Andrea,Smith,80.0,80,2019-08-29 08:56:02-07:00,71,80,2019-09-05 08:56:02-07:00,61,80,2019-09-12 08:56:02-07:00,73,100,2019-09-19 08:56:02-07:00,61,70,2019-09-26 08:56:02-07:00,79,90,2019-10-03 08:56:02-07:00,47,50,2019-10-10 08:56:02-07:00,62,70,2019-10-17 08:56:02-07:00,43,60,2019-10-24 08:56:02-07:00,41,60,2019-10-31 08:56:02-07:00,66,100,2019-10-08 12:30:07-07:00,97,100,2019-11-08 12:30:07-07:00,86,100,2019-12-08 12:30:07-07:00,7,0.66,0.97,0.86
9326195,"Rodriguez, John Sandra",john.rodriguez@univ.edu,3,John,Rodriguez,78.0,80,2019-08-29 08:56:02-07:00,76,80,2019-09-05 08:56:02-07:00,63,80,2019-09-12 08:56:02-07:00,61,100,2019-09-19 08:56:02-07:00,52,70,2019-09-26 08:56:02-07:00,61,90,2019-10-03 08:56:02-07:00,41,50,2019-10-10 08:56:02-07:00,55,70,2019-10-17 08:56:02-07:00,37,60,2019-10-24 08:56:02-07:00,60,60,2019-10-31 08:56:02-07:00,92,100,2019-10-08 12:30:07-07:00,68,100,2019-11-08 12:30:07-07:00,89,100,2019-12-08 12:30:07-07:00,12,0.92,0.68,0.89
2260221,"Miller, Anthony",anthony.miller@univ.edu,3,Anthony,Miller,77.0,80,2019-08-29 08:56:02-07:00,53,80,2019-09-05 08:56:02-07:00,65,80,2019-09-12 08:56:02-07:00,74,100,2019-09-19 08:56:02-07:00,66,70,2019-09-26 08:56:02-07:00,78,90,2019-10-03 08:56:02-07:00,30,50,2019-10-10 08:56:02-07:00,55,70,2019-10-17 08:56:02-07:00,53,60,2019-10-24 08:56:02-07:00,41,60,2019-10-31 08:56:02-07:00,73,100,2019-10-08 12:30:07-07:00,68,100,2019-11-08 12:30:07-07:00,93,100,2019-12-08 12:30:07-07:00,13,0.73,0.68,0.93
9006764,"Garcia, Desiree Stephanie",desiree.garcia@univ.edu,2,Desiree,Garcia,68.0,80,2019-08-29 08:56:02-07:00,78,80,2019-09-05 08:56:02-07:00,77,80,2019-09-12 08:56:02-07:00,95,100,2019-09-19 08:56:02-07:00,60,70,2019-09-26 08:56:02-07:00,73,90,2019-10-03 08:56:02-07:00,35,50,2019-10-10 08:56:02-07:00,47,70,2019-10-17 08:56:02-07:00,45,60,2019-10-24 08:56:02-07:00,55,60,2019-10-31 08:56:02-07:00,81,100,2019-10-08 12:30:07-07:00,99,100,2019-11-08 12:30:07-07:00,70,100,2019-12-08 12:30:07-07:00,6,0.81,0.99,0.7
7485180,"Martin, Ashley Sara",ashley.martin@univ.edu,2,Ashley,Martin,50.0,80,2019-08-29 08:56:02-07:00,66,80,2019-09-05 08:56:02-07:00,80,80,2019-09-12 08:56:02-07:00,68,100,2019-09-19 08:56:02-07:00,46,70,2019-09-26 08:56:02-07:00,86,90,2019-10-03 08:56:02-07:00,33,50,2019-10-10 08:56:02-07:00,63,70,2019-10-17 08:56:02-07:00,51,60,2019-10-24 08:56:02-07:00,48,60,2019-10-31 08:56:02-07:00,67,100,2019-10-08 12:30:07-07:00,72,100,2019-11-08 12:30:07-07:00,68,100,2019-12-08 12:30:07-07:00,8,0.67,0.72,0.68
3454432,"Dennis, Cameron",cameron.dennis@univ.edu,1,Cameron,Dennis,75.0,80,2019-08-29 08:56:02-07:00,73,80,2019-09-05 08:56:02-07:00,59,80,2019-09-12 08:56:02-07:00,61,100,2019-09-19 08:56:02-07:00,43,70,2019-09-26 08:56:02-07:00,67,90,2019-10-03 08:56:02-07:00,36,50,2019-10-10 08:56:02-07:00,59,70,2019-10-17 08:56:02-07:00,51,60,2019-10-24 08:56:02-07:00,54,60,2019-10-31 08:56:02-07:00,88,100,2019-10-08 12:30:07-07:00,66,100,2019-11-08 12:30:07-07:00,68,100,2019-12-08 12:30:07-07:00,13,0.88,0.66,0.68
1866225,"Faulkner, Katelyn",katelyn.faulkner@univ.edu,1,Katelyn,Faulkner,65.0,80,2019-08-29 08:56:02-07:00,65,80,2019-09-05 08:56:02-07:00,55,80,2019-09-12 08:56:02-07:00,90,100,2019-09-19 08:56:02-07:00,69,70,2019-09-26 08:56:02-07:00,65,90,2019-10-03 08:56:02-07:00,34,50,2019-10-10 08:56:02-07:00,69,70,2019-10-17 08:56:02-07:00,44,60,2019-10-24 08:56:02-07:00,42,60,2019-10-31 08:56:02-07:00,68,100,2019-10-08 12:30:07-07:00,60,100,2019-11-08 12:30:07-07:00,61,100,2019-12-08 12:30:07-07:00,17,0.68,0.6,0.61
1067615,"Anderson, Lauren Billy",lauren.anderson@univ.edu,2,Lauren,Anderson,55.0,80,2019-08-29 08:56:02-07:00,75,80,2019-09-05 08:56:02-07:00,57,80,2019-09-12 08:56:02-07:00,75,100,2019-09-19 08:56:02-07:00,47,70,2019-09-26 08:56:02-07:00,83,90,2019-10-03 08:56:02-07:00,48,50,2019-10-10 08:56:02-07:00,44,70,2019-10-17 08:56:02-07:00,44,60,2019-10-24 08:56:02-07:00,56,60,2019-10-31 08:56:02-07:00,94,100,2019-10-08 12:30:07-07:00,67,100,2019-11-08 12:30:07-07:00,86,100,2019-12-08 12:30:07-07:00,11,0.94,0.67,0.86
4133244,"Williams, Kimberly",kimberly.williams@univ.edu,2,Kimberly,Williams,72.0,80,2019-08-29 08:56:02-07:00,80,80,2019-09-05 08:56:02-07:00,63,80,2019-09-12 08:56:02-07:00,87,100,2019-09-19 08:56:02-07:00,57,70,2019-09-26 08:56:02-07:00,71,90,2019-10-03 08:56:02-07:00,30,50,2019-10-10 08:56:02-07:00,43,70,2019-10-17 08:56:02-07:00,42,60,2019-10-24 08:56:02-07:00,49,60,2019-10-31 08:56:02-07:00,82,100,2019-10-08 12:30:07-07:00,95,100,2019-11-08 12:30:07-07:00,85,100,2019-12-08 12:30:07-07:00,11,0.82,0.95,0.85
9496845,"Thomas, Brandon",brandon.thomas@univ.edu,3,Brandon,Thomas,80.0,80,2019-08-29 08:56:02-07:00,49,80,2019-09-05 08:56:02-07:00,53,80,2019-09-12 08:56:02-07:00,77,100,2019-09-19 08:56:02-07:00,46,70,2019-09-26 08:56:02-07:00,86,90,2019-10-03 08:56:02-07:00,33,50,2019-10-10 08:56:02-07:00,53,70,2019-10-17 08:56:02-07:00,37,60,2019-10-24 08:56:02-07:00,51,60,2019-10-31 08:56:02-07:00,86,100,2019-10-08 12:30:07-07:00,72,100,2019-11-08 12:30:07-07:00,65,100,2019-12-08 12:30:07-07:00,13,0.86,0.72,0.65
3932938,"Daniels, Amber",amber.daniels@univ.edu,2,Amber,Daniels,54.0,80,2019-08-29 08:56:02-07:00,57,80,2019-09-05 08:56:02-07:00,77,80,2019-09-12 08:56:02-07:00,95,100,2019-09-19 08:56:02-07:00,47,70,2019-09-26 08:56:02-07:00,87,90,2019-10-03 08:56:02-07:00,44,50,2019-10-10 08:56:02-07:00,58,70,2019-10-17 08:56:02-07:00,46,60,2019-10-24 08:56:02-07:00,59,60,2019-10-31 08:56:02-07:00,68,100,2019-10-08 12:30:07-07:00,95,100,2019-11-08 12:30:07-07:00,88,100,2019-12-08 12:30:07-07:00,16,0.68,0.95,0.88
1397380,"Reid, Laura Clarence",laura.reid@univ.edu,3,Laura,Reid,51.0,80,2019-08-29 08:56:02-07:00,75,80,2019-09-05 08:56:02-07:00,48,80,2019-09-12 08:56:02-07:00,62,100,2019-09-19 08:56:02-07:00,42,70,2019-09-26 08:56:02-07:00,54,90,2019-10-03 08:56:02-07:00,32,50,2019-10-10 08:56:02-07:00,61,70,2019-10-17 08:56:02-07:00,49,60,2019-10-24 08:56:02-07:00,46,60,2019-10-31 08:56:02-07:00,64,100,2019-10-08 12:30:07-07:00,86,100,2019-11-08 12:30:07-07:00,86,100,2019-12-08 12:30:07-07:00,10,0.64,0.86,0.86
8605280,"Woodard, John",john.woodard@univ.edu,2,John,Woodard,51.0,80,2019-08-29 08:56:02-07:00,68,80,2019-09-05 08:56:02-07:00,56,80,2019-09-12 08:56:02-07:00,71,100,2019-09-19 08:56:02-07:00,69,70,2019-09-26 08:56:02-07:00,60,90,2019-10-03 08:56:02-07:00,33,50,2019-10-10 08:56:02-07:00,56,70,2019-10-17 08:56:02-07:00,41,60,2019-10-24 08:56:02-07:00,60,60,2019-10-31 08:56:02-07:00,68,100,2019-10-08 12:30:07-07:00,93,100,2019-11-08 12:30:07-07:00,62,100,2019-12-08 12:30:07-07:00,11,0.68,0.93,0.62
7046482,"Schwartz, Billy",billy.schwartz@univ.edu,1,Billy,Schwartz,56.0,80,2019-08-29 08:56:02-07:00,52,80,2019-09-05 08:56:02-07:00,56,80,2019-09-12 08:56:02-07:00,89,100,2019-09-19 08:56:02-07:00,46,70,2019-09-26 08:56:02-07:00,66,90,2019-10-03 08:56:02-07:00,33,50,2019-10-10 08:56:02-07:00,51,70,2019-10-17 08:56:02-07:00,48,60,2019-10-24 08:56:02-07:00,52,60,2019-10-31 08:56:02-07:00,89,100,2019-10-08 12:30:07-07:00,62,100,2019-11-08 12:30:07-07:00,93,100,2019-12-08 12:30:07-07:00,11,0.89,0.62,0.93
6503525,"Clark, Jill Gregg",jill.clark@univ.edu,3,Jill,Clark,70.0,80,2019-08-29 08:56:02-07:00,71,80,2019-09-05 08:56:02-07:00,52,80,2019-09-12 08:56:02-07:00,96,100,2019-09-19 08:56:02-07:00,56,70,2019-09-26 08:56:02-07:00,71,90,2019-10-03 08:56:02-07:00,36,50,2019-10-10 08:56:02-07:00,55,70,2019-10-17 08:56:02-07:00,53,60,2019-10-24 08:56:02-07:00,50,60,2019-10-31 08:56:02-07:00,62,100,2019-10-08 12:30:07-07:00,94,100,2019-11-08 12:30:07-07:00,88,100,2019-12-08 12:30:07-07:00,14,0.62,0.94,0.88
5630129,"Friedman, Linda Lance",linda.friedman@univ.edu,3,Linda,Friedman,49.0,80,2019-08-29 08:56:02-07:00,70,80,2019-09-05 08:56:02-07:00,62,80,2019-09-12 08:56:02-07:00,83,100,2019-09-19 08:56:02-07:00,58,70,2019-09-26 08:56:02-07:00,79,90,2019-10-03 08:56:02-07:00,42,50,2019-10-10 08:56:02-07:00,60,70,2019-10-17 08:56:02-07:00,54,60,2019-10-24 08:56:02-07:00,42,60,2019-10-31 08:56:02-07:00,64,100,2019-10-08 12:30:07-07:00,86,100,2019-11-08 12:30:07-07:00,70,100,2019-12-08 12:30:07-07:00,8,0.64,0.86,0.7
7482388,"Beck, David John",david.beck@univ.edu,1,David,Beck,62.0,80,2019-08-29 08:56:02-07:00,79,80,2019-09-05 08:56:02-07:00,48,80,2019-09-12 08:56:02-07:00,61,100,2019-09-19 08:56:02-07:00,43,70,2019-09-26 08:56:02-07:00,59,90,2019-10-03 08:56:02-07:00,42,50,2019-10-10 08:56:02-07:00,51,70,2019-10-17 08:56:02-07:00,55,60,2019-10-24 08:56:02-07:00,39,60,2019-10-31 08:56:02-07:00,91,100,2019-10-08 12:30:07-07:00,74,100,2019-11-08 12:30:07-07:00,65,100,2019-12-08 12:30:07-07:00,7,0.91,0.74,0.65
4570025,"Curry, Alec",alec.curry@univ.edu,2,Alec,Curry,69.0,80,2019-08-29 08:56:02-07:00,76,80,2019-09-05 08:56:02-07:00,66,80,2019-09-12 08:56:02-07:00,87,100,2019-09-19 08:56:02-07:00,59,70,2019-09-26 08:56:02-07:00,83,90,2019-10-03 08:56:02-07:00,43,50,2019-10-10 08:56:02-07:00,65,70,2019-10-17 08:56:02-07:00,58,60,2019-10-24 08:56:02-07:00,42,60,2019-10-31 08:56:02-07:00,65,100,2019-10-08 12:30:07-07:00,78,100,2019-11-08 12:30:07-07:00,83,100,2019-12-08 12:30:07-07:00,9,0.65,0.78,0.83
7250041,"Bailey, Belinda Michael",belinda.bailey@univ.edu,3,Belinda,Bailey,60.0,80,2019-08-29 08:56:02-07:00,74,80,2019-09-05 08:56:02-07:00,55,80,2019-09-12 08:56:02-07:00,76,100,2019-09-19 08:56:02-07:00,64,70,2019-09-26 08:56:02-07:00,83,90,2019-10-03 08:56:02-07:00,44,50,2019-10-10 08:56:02-07:00,45,70,2019-10-17 08:56:02-07:00,50,60,2019-10-24 08:56:02-07:00,58,60,2019-10-31 08:56:02-07:00,83,100,2019-10-08 12:30:07-07:00,95,100,2019-11-08 12:30:07-07:00,87,100,2019-12-08 12:30:07-07:00,9,0.83,0.95,0.87
4325951,"Edwards, Timothy Caroline",timothy.edwards@univ.edu,2,Timothy,Edwards,49.0,80,2019-08-29 08:56:02-07:00,72,80,2019-09-05 08:56:02-07:00,60,80,2019-09-12 08:56:02-07:00,87,100,2019-09-19 08:56:02-07:00,49,70,2019-09-26 08:56:02-07:00,84,90,2019-10-03 08:56:02-07:00,30,50,2019-10-10 08:56:02-07:00,49,70,2019-10-17 08:56:02-07:00,39,60,2019-10-24 08:56:02-07:00,60,60,2019-10-31 08:56:02-07:00,68,100,2019-10-08 12:30:07-07:00,73,100,2019-11-08 12:30:07-07:00,71,100,2019-12-08 12:30:07-07:00,6,0.68,0.73,0.71
8037797,"Webb, Heather",heather.webb@univ.edu,3,Heather,Webb,56.0,80,2019-08-29 08:56:02-07:00,48,80,2019-09-05 08:56:02-07:00,60,80,2019-09-12 08:56:02-07:00,60,100,2019-09-19 08:56:02-07:00,47,70,2019-09-26 08:56:02-07:00,84,90,2019-10-03 08:56:02-07:00,35,50,2019-10-10 08:56:02-07:00,45,70,2019-10-17 08:56:02-07:00,44,60,2019-10-24 08:56:02-07:00,40,60,2019-10-31 08:56:02-07:00,100,100,2019-10-08 12:30:07-07:00,61,100,2019-11-08 12:30:07-07:00,62,100,2019-12-08 12:30:07-07:00,16,1.0,0.61,0.62
1829060,"Greer, April Blake",april.greer@univ.edu,3,April,Greer,61.0,80,2019-08-29 08:56:02-07:00,62,80,2019-09-05 08:56:02-07:00,67,80,2019-09-12 08:56:02-07:00,65,100,2019-09-19 08:56:02-07:00,58,70,2019-09-26 08:56:02-07:00,68,90,2019-10-03 08:56:02-07:00,30,50,2019-10-10 08:56:02-07:00,46,70,2019-10-17 08:56:02-07:00,60,60,2019-10-24 08:56:02-07:00,36,60,2019-10-31 08:56:02-07:00,74,100,2019-10-08 12:30:07-07:00,71,100,2019-11-08 12:30:07-07:00,94,100,2019-12-08 12:30:07-07:00,13,0.74,0.71,0.94
9707878,"Marshall, Shawn Grace",shawn.marshall@univ.edu,1,Shawn,Marshall,70.0,80,2019-08-29 08:56:02-07:00,73,80,2019-09-05 08:56:02-07:00,50,80,2019-09-12 08:56:02-07:00,96,100,2019-09-19 08:56:02-07:00,49,70,2019-09-26 08:56:02-07:00,55,90,2019-10-03 08:56:02-07:00,46,50,2019-10-10 08:56:02-07:00,52,70,2019-10-17 08:56:02-07:00,38,60,2019-10-24 08:56:02-07:00,39,60,2019-10-31 08:56:02-07:00,69,100,2019-10-08 12:30:07-07:00,68,100,2019-11-08 12:30:07-07:00,62,100,2019-12-08 12:30:07-07:00,15,0.69,0.68,0.62
7369942,"Sanders, Beth Melissa",beth.sanders@univ.edu,1,Beth,Sanders,59.0,80,2019-08-29 08:56:02-07:00,67,80,2019-09-05 08:56:02-07:00,53,80,2019-09-12 08:56:02-07:00,85,100,2019-09-19 08:56:02-07:00,68,70,2019-09-26 08:56:02-07:00,77,90,2019-10-03 08:56:02-07:00,41,50,2019-10-10 08:56:02-07:00,52,70,2019-10-17 08:56:02-07:00,50,60,2019-10-24 08:56:02-07:00,42,60,2019-10-31 08:56:02-07:00,73,100,2019-10-08 12:30:07-07:00,71,100,2019-11-08 12:30:07-07:00,67,100,2019-12-08 12:30:07-07:00,9,0.73,0.71,0.67
8902246,"James, Margaret Juan",margaret.james@univ.edu,2,Margaret,James,67.0,80,2019-08-29 08:56:02-07:00,63,80,2019-09-05 08:56:02-07:00,48,80,2019-09-12 08:56:02-07:00,81,100,2019-09-19 08:56:02-07:00,62,70,2019-09-26 08:56:02-07:00,89,90,2019-10-03 08:56:02-07:00,36,50,2019-10-10 08:56:02-07:00,57,70,2019-10-17 08:56:02-07:00,48,60,2019-10-24 08:56:02-07:00,51,60,2019-10-31 08:56:02-07:00,85,100,2019-10-08 12:30:07-07:00,90,100,2019-11-08 12:30:07-07:00,97,100,2019-12-08 12:30:07-07:00,9,0.85,0.9,0.97
8373362,"Jones, Michele",michele.jones@univ.edu,1,Michele,Jones,67.0,80,2019-08-29 08:56:02-07:00,61,80,2019-09-05 08:56:02-07:00,65,80,2019-09-12 08:56:02-07:00,95,100,2019-09-19 08:56:02-07:00,63,70,2019-09-26 08:56:02-07:00,89,90,2019-10-03 08:56:02-07:00,42,50,2019-10-10 08:56:02-07:00,58,70,2019-10-17 08:56:02-07:00,43,60,2019-10-24 08:56:02-07:00,55,60,2019-10-31 08:56:02-07:00,100,100,2019-10-08 12:30:07-07:00,82,100,2019-11-08 12:30:07-07:00,63,100,2019-12-08 12:30:07-07:00,12,1.0,0.82,0.63
3949000,"Nguyen, Cindy",cindy.nguyen@univ.edu,2,Cindy,Nguyen,51.0,80,2019-08-29 08:56:02-07:00,59,80,2019-09-05 08:56:02-07:00,58,80,2019-09-12 08:56:02-07:00,63,100,2019-09-19 08:56:02-07:00,52,70,2019-09-26 08:56:02-07:00,58,90,2019-10-03 08:56:02-07:00,50,50,2019-10-10 08:56:02-07:00,66,70,2019-10-17 08:56:02-07:00,46,60,2019-10-24 08:56:02-07:00,41,60,2019-10-31 08:56:02-07:00,82,100,2019-10-08 12:30:07-07:00,68,100,2019-11-08 12:30:07-07:00,82,100,2019-12-08 12:30:07-07:00,6,0.82,0.68,0.82
5893837,"Watkins, Carol",carol.watkins@univ.edu,2,Carol,Watkins,64.0,80,2019-08-29 08:56:02-07:00,76,80,2019-09-05 08:56:02-07:00,69,80,2019-09-12 08:56:02-07:00,88,100,2019-09-19 08:56:02-07:00,60,70,2019-09-26 08:56:02-07:00,66,90,2019-10-03 08:56:02-07:00,36,50,2019-10-10 08:56:02-07:00,51,70,2019-10-17 08:56:02-07:00,55,60,2019-10-24 08:56:02-07:00,57,60,2019-10-31 08:56:02-07:00,62,100,2019-10-08 12:30:07-07:00,92,100,2019-11-08 12:30:07-07:00,98,100,2019-12-08 12:30:07-07:00,11,0.62,0.92,0.98
7187270,"Walsh, Jill",jill.walsh@univ.edu,1,Jill,Walsh,65.0,80,2019-08-29 08:56:02-07:00,48,80,2019-09-05 08:56:02-07:00,49,80,2019-09-12 08:56:02-07:00,73,100,2019-09-19 08:56:02-07:00,47,70,2019-09-26 08:56:02-07:00,74,90,2019-10-03 08:56:02-07:00,38,50,2019-10-10 08:56:02-07:00,68,70,2019-10-17 08:56:02-07:00,50,60,2019-10-24 08:56:02-07:00,38,60,2019-10-31 08:56:02-07:00,73,100,2019-10-08 12:30:07-07:00,99,100,2019-11-08 12:30:07-07:00,78,100,2019-12-08 12:30:07-07:00,6,0.73,0.99,0.78
1994210,"Pena, Jonathan Michael",jonathan.pena@univ.edu,1,Jonathan,Pena,53.0,80,2019-08-29 08:56:02-07:00,74,80,2019-09-05 08:56:02-07:00,55,80,2019-09-12 08:56:02-07:00,70,100,2019-09-19 08:56:02-07:00,51,70,2019-09-26 08:56:02-07:00,74,90,2019-10-03 08:56:02-07:00,33,50,2019-10-10 08:56:02-07:00,63,70,2019-10-17 08:56:02-07:00,47,60,2019-10-24 08:56:02-07:00,42,60,2019-10-31 08:56:02-07:00,74,100,2019-10-08 12:30:07-07:00,79,100,2019-11-08 12:30:07-07:00,84,100,2019-12-08 12:30:07-07:00,13,0.74,0.79,0.84
9107140,"Weber, Samuel",samuel.weber@univ.edu,1,Samuel,Weber,71.0,80,2019-08-29 08:56:02-07:00,78,80,2019-09-05 08:56:02-07:00,74,80,2019-09-12 08:56:02-07:00,86,100,2019-09-19 08:56:02-07:00,69,70,2019-09-26 08:56:02-07:00,81,90,2019-10-03 08:56:02-07:00,31,50,2019-10-10 08:56:02-07:00,48,70,2019-10-17 08:56:02-07:00,55,60,2019-10-24 08:56:02-07:00,44,60,2019-10-31 08:56:02-07:00,79,100,2019-10-08 12:30:07-07:00,96,100,2019-11-08 12:30:07-07:00,86,100,2019-12-08 12:30:07-07:00,14,0.79,0.96,0.86
3769525,"Sparks, Leslie",leslie.sparks@univ.edu,2,Leslie,Sparks,66.0,80,2019-08-29 08:56:02-07:00,77,80,2019-09-05 08:56:02-07:00,54,80,2019-09-12 08:56:02-07:00,66,100,2019-09-19 08:56:02-07:00,48,70,2019-09-26 08:56:02-07:00,56,90,2019-10-03 08:56:02-07:00,38,50,2019-10-10 08:56:02-07:00,63,70,2019-10-17 08:56:02-07:00,43,60,2019-10-24 08:56:02-07:00,50,60,2019-10-31 08:56:02-07:00,61,100,2019-10-08 12:30:07-07:00,95,100,2019-11-08 12:30:07-07:00,90,100,2019-12-08 12:30:07-07:00,16,0.61,0.95,0.9
2574682,"Foster, Ashlee",ashlee.foster@univ.edu,3,Ashlee,Foster,79.0,80,2019-08-29 08:56:02-07:00,78,80,2019-09-05 08:56:02-07:00,74,80,2019-09-12 08:56:02-07:00,81,100,2019-09-19 08:56:02-07:00,63,70,2019-09-26 08:56:02-07:00,75,90,2019-10-03 08:56:02-07:00,38,50,2019-10-10 08:56:02-07:00,45,70,2019-10-17 08:56:02-07:00,41,60,2019-10-24 08:56:02-07:00,43,60,2019-10-31 08:56:02-07:00,73,100,2019-10-08 12:30:07-07:00,61,100,2019-11-08 12:30:07-07:00,74,100,2019-12-08 12:30:07-07:00,17,0.73,0.61,0.74
7831187,"Flores, Brandon Chad",brandon.flores@univ.edu,2,Brandon,Flores,62.0,80,2019-08-29 08:56:02-07:00,52,80,2019-09-05 08:56:02-07:00,77,80,2019-09-12 08:56:02-07:00,87,100,2019-09-19 08:56:02-07:00,45,70,2019-09-26 08:56:02-07:00,71,90,2019-10-03 08:56:02-07:00,40,50,2019-10-10 08:56:02-07:00,45,70,2019-10-17 08:56:02-07:00,45,60,2019-10-24 08:56:02-07:00,54,60,2019-10-31 08:56:02-07:00,96,100,2019-10-08 12:30:07-07:00,93,100,2019-11-08 12:30:07-07:00,65,100,2019-12-08 12:30:07-07:00,11,0.96,0.93,0.65
6409860,"Elliott, Richard Gwendolyn",richard.elliott@univ.edu,1,Richard,Elliott,49.0,80,2019-08-29 08:56:02-07:00,64,80,2019-09-05 08:56:02-07:00,76,80,2019-09-12 08:56:02-07:00,80,100,2019-09-19 08:56:02-07:00,49,70,2019-09-26 08:56:02-07:00,65,90,2019-10-03 08:56:02-07:00,41,50,2019-10-10 08:56:02-07:00,55,70,2019-10-17 08:56:02-07:00,37,60,2019-10-24 08:56:02-07:00,42,60,2019-10-31 08:56:02-07:00,66,100,2019-10-08 12:30:07-07:00,64,100,2019-11-08 12:30:07-07:00,74,100,2019-12-08 12:30:07-07:00,17,0.66,0.64,0.74
7256989,"Payne, Douglas",douglas.payne@univ.edu,1,Douglas,Payne,48.0,80,2019-08-29 08:56:02-07:00,55,80,2019-09-05 08:56:02-07:00,49,80,2019-09-12 08:56:02-07:00,62,100,2019-09-19 08:56:02-07:00,46,70,2019-09-26 08:56:02-07:00,90,90,2019-10-03 08:56:02-07:00,35,50,2019-10-10 08:56:02-07:00,62,70,2019-10-17 08:56:02-07:00,51,60,2019-10-24 08:56:02-07:00,51,60,2019-10-31 08:56:02-07:00,74,100,2019-10-08 12:30:07-07:00,71,100,2019-11-08 12:30:07-07:00,96,100,2019-12-08 12:30:07-07:00,7,0.74,0.71,0.96
9177842,"Leon, Tammy Gregory",tammy.leon@univ.edu,3,Tammy,Leon,63.0,80,2019-08-29 08:56:02-07:00,75,80,2019-09-05 08:56:02-07:00,63,80,2019-09-12 08:56:02-07:00,70,100,2019-09-19 08:56:02-07:00,64,70,2019-09-26 08:56:02-07:00,87,90,2019-10-03 08:56:02-07:00,33,50,2019-10-10 08:56:02-07:00,55,70,2019-10-17 08:56:02-07:00,47,60,2019-10-24 08:56:02-07:00,42,60,2019-10-31 08:56:02-07:00,88,100,2019-10-08 12:30:07-07:00,90,100,2019-11-08 12:30:07-07:00,87,100,2019-12-08 12:30:07-07:00,17,0.88,0.9,0.87
3049287,"Reyes, Carol",carol.reyes@univ.edu,3,Carol,Reyes,75.0,80,2019-08-29 08:56:02-07:00,80,80,2019-09-05 08:56:02-07:00,66,80,2019-09-12 08:56:02-07:00,62,100,2019-09-19 08:56:02-07:00,60,70,2019-09-26 08:56:02-07:00,66,90,2019-10-03 08:56:02-07:00,37,50,2019-10-10 08:56:02-07:00,65,70,2019-10-17 08:56:02-07:00,44,60,2019-10-24 08:56:02-07:00,51,60,2019-10-31 08:56:02-07:00,99,100,2019-10-08 12:30:07-07:00,91,100,2019-11-08 12:30:07-07:00,90,100,2019-12-08 12:30:07-07:00,8,0.99,0.91,0.9
7331066,"Terry, Amy Justin",amy.terry@univ.edu,3,Amy,Terry,71.0,80,2019-08-29 08:56:02-07:00,54,80,2019-09-05 08:56:02-07:00,76,80,2019-09-12 08:56:02-07:00,93,100,2019-09-19 08:56:02-07:00,43,70,2019-09-26 08:56:02-07:00,89,90,2019-10-03 08:56:02-07:00,30,50,2019-10-10 08:56:02-07:00,58,70,2019-10-17 08:56:02-07:00,54,60,2019-10-24 08:56:02-07:00,49,60,2019-10-31 08:56:02-07:00,60,100,2019-10-08 12:30:07-07:00,81,100,2019-11-08 12:30:07-07:00,79,100,2019-12-08 12:30:07-07:00,9,0.6,0.81,0.79
5400422,"King, Paige Mary",paige.king@univ.edu,1,Paige,King,61.0,80,2019-08-29 08:56:02-07:00,61,80,2019-09-05 08:56:02-07:00,61,80,2019-09-12 08:56:02-07:00,75,100,2019-09-19 08:56:02-07:00,63,70,2019-09-26 08:56:02-07:00,86,90,2019-10-03 08:56:02-07:00,43,50,2019-10-10 08:56:02-07:00,64,70,2019-10-17 08:56:02-07:00,50,60,2019-10-24 08:56:02-07:00,46,60,2019-10-31 08:56:02-07:00,97,100,2019-10-08 12:30:07-07:00,99,100,2019-11-08 12:30:07-07:00,63,100,2019-12-08 12:30:07-07:00,17,0.97,0.99,0.63
4912187,"Vasquez, Sara",sara.vasquez@univ.edu,1,Sara,Vasquez,63.0,80,2019-08-29 08:56:02-07:00,65,80,2019-09-05 08:56:02-07:00,67,80,2019-09-12 08:56:02-07:00,98,100,2019-09-19 08:56:02-07:00,70,70,2019-09-26 08:56:02-07:00,65,90,2019-10-03 08:56:02-07:00,32,50,2019-10-10 08:56:02-07:00,55,70,2019-10-17 08:56:02-07:00,40,60,2019-10-24 08:56:02-07:00,38,60,2019-10-31 08:56:02-07:00,64,100,2019-10-08 12:30:07-07:00,73,100,2019-11-08 12:30:07-07:00,75,100,2019-12-08 12:30:07-07:00,8,0.64,0.73,0.75
1142484,"Davidson, Luke",luke.davidson@univ.edu,3,Luke,Davidson,49.0,80,2019-08-29 08:56:02-07:00,77,80,2019-09-05 08:56:02-07:00,77,80,2019-09-12 08:56:02-07:00,94,100,2019-09-19 08:56:02-07:00,45,70,2019-09-26 08:56:02-07:00,69,90,2019-10-03 08:56:02-07:00,40,50,2019-10-10 08:56:02-07:00,53,70,2019-10-17 08:56:02-07:00,55,60,2019-10-24 08:56:02-07:00,55,60,2019-10-31 08:56:02-07:00,92,100,2019-10-08 12:30:07-07:00,62,100,2019-11-08 12:30:07-07:00,60,100,2019-12-08 12:30:07-07:00,14,0.92,0.62,0.6
1283046,"Rice, Rhonda Kyle",rhonda.rice@univ.edu,1,Rhonda,Rice,77.0,80,2019-08-29 08:56:02-07:00,48,80,2019-09-05 08:56:02-07:00,53,80,2019-09-12 08:56:02-07:00,68,100,2019-09-19 08:56:02-07:00,67,70,2019-09-26 08:56:02-07:00,67,90,2019-10-03 08:56:02-07:00,50,50,2019-10-10 08:56:02-07:00,43,70,2019-10-17 08:56:02-07:00,43,60,2019-10-24 08:56:02-07:00,52,60,2019-10-31 08:56:02-07:00,61,100,2019-10-08 12:30:07-07:00,98,100,2019-11-08 12:30:07-07:00,96,100,2019-12-08 12:30:07-07:00,14,0.61,0.98,0.96
2489309,"Miranda, Brett",brett.miranda@univ.edu,3,Brett,Miranda,74.0,80,2019-08-29 08:56:02-07:00,63,80,2019-09-05 08:56:02-07:00,53,80,2019-09-12 08:56:02-07:00,71,100,2019-09-19 08:56:02-07:00,61,70,2019-09-26 08:56:02-07:00,62,90,2019-10-03 08:56:02-07:00,43,50,2019-10-10 08:56:02-07:00,51,70,2019-10-17 08:56:02-07:00,54,60,2019-10-24 08:56:02-07:00,51,60,2019-10-31 08:56:02-07:00,82,100,2019-10-08 12:30:07-07:00,94,100,2019-11-08 12:30:07-07:00,95,100,2019-12-08 12:30:07-07:00,15,0.82,0.94,0.95
8441601,"Dennis, Rachel",rachel.dennis@univ.edu,3,Rachel,Dennis,73.0,80,2019-08-29 08:56:02-07:00,67,80,2019-09-05 08:56:02-07:00,75,80,2019-09-12 08:56:02-07:00,65,100,2019-09-19 08:56:02-07:00,43,70,2019-09-26 08:56:02-07:00,69,90,2019-10-03 08:56:02-07:00,44,50,2019-10-10 08:56:02-07:00,52,70,2019-10-17 08:56:02-07:00,51,60,2019-10-24 08:56:02-07:00,41,60,2019-10-31 08:56:02-07:00,72,100,2019-10-08 12:30:07-07:00,98,100,2019-11-08 12:30:07-07:00,86,100,2019-12-08 12:30:07-07:00,7,0.72,0.98,0.86
2570154,"Petersen, Kristin Sarah",kristin.petersen@univ.edu,1,Kristin,Petersen,49.0,80,2019-08-29 08:56:02-07:00,77,80,2019-09-05 08:56:02-07:00,75,80,2019-09-12 08:56:02-07:00,90,100,2019-09-19 08:56:02-07:00,54,70,2019-09-26 08:56:02-07:00,90,90,2019-10-03 08:56:02-07:00,45,50,2019-10-10 08:56:02-07:00,47,70,2019-10-17 08:56:02-07:00,46,60,2019-10-24 08:56:02-07:00,40,60,2019-10-31 08:56:02-07:00,97,100,2019-10-08 12:30:07-07:00,68,100,2019-11-08 12:30:07-07:00,97,100,2019-12-08 12:30:07-07:00,7,0.97,0.68,0.97
2213589,"Washington, Travis",travis.washington@univ.edu,1,Travis,Washington,64.0,80,2019-08-29 08:56:02-07:00,67,80,2019-09-05 08:56:02-07:00,56,80,2019-09-12 08:56:02-07:00,92,100,2019-09-19 08:56:02-07:00,50,70,2019-09-26 08:56:02-07:00,85,90,2019-10-03 08:56:02-07:00,46,50,2019-10-10 08:56:02-07:00,69,70,2019-10-17 08:56:02-07:00,40,60,2019-10-24 08:56:02-07:00,52,60,2019-10-31 08:56:02-07:00,94,100,2019-10-08 12:30:07-07:00,74,100,2019-11-08 12:30:07-07:00,68,100,2019-12-08 12:30:07-07:00,10,0.94,0.74,0.68
9184901,"Johnston, Robert Stephanie",robert.johnston@univ.edu,3,Robert,Johnston,74.0,80,2019-08-29 08:56:02-07:00,64,80,2019-09-05 08:56:02-07:00,64,80,2019-09-12 08:56:02-07:00,76,100,2019-09-19 08:56:02-07:00,64,70,2019-09-26 08:56:02-07:00,56,90,2019-10-03 08:56:02-07:00,32,50,2019-10-10 08:56:02-07:00,46,70,2019-10-17 08:56:02-07:00,43,60,2019-10-24 08:56:02-07:00,43,60,2019-10-31 08:56:02-07:00,98,100,2019-10-08 12:30:07-07:00,61,100,2019-11-08 12:30:07-07:00,74,100,2019-12-08 12:30:07-07:00,13,0.98,0.61,0.74
2469694,"Benton, Michael",michael.benton@univ.edu,3,Michael,Benton,54.0,80,2019-08-29 08:56:02-07:00,66,80,2019-09-05 08:56:02-07:00,68,80,2019-09-12 08:56:02-07:00,65,100,2019-09-19 08:56:02-07:00,50,70,2019-09-26 08:56:02-07:00,63,90,2019-10-03 08:56:02-07:00,49,50,2019-10-10 08:56:02-07:00,52,70,2019-10-17 08:56:02-07:00,48,60,2019-10-24 08:56:02-07:00,46,60,2019-10-31 08:56:02-07:00,78,100,2019-10-08 12:30:07-07:00,91,100,2019-11-08 12:30:07-07:00,91,100,2019-12-08 12:30:07-07:00,17,0.78,0.91,0.91
7566895,"Johnson, Jamie",jamie.johnson@univ.edu,2,Jamie,Johnson,74.0,80,2019-08-29 08:56:02-07:00,78,80,2019-09-05 08:56:02-07:00,76,80,2019-09-12 08:56:02-07:00,100,100,2019-09-19 08:56:02-07:00,66,70,2019-09-26 08:56:02-07:00,85,90,2019-10-03 08:56:02-07:00,40,50,2019-10-10 08:56:02-07:00,67,70,2019-10-17 08:56:02-07:00,36,60,2019-10-24 08:56:02-07:00,50,60,2019-10-31 08:56:02-07:00,63,100,2019-10-08 12:30:07-07:00,71,100,2019-11-08 12:30:07-07:00,90,100,2019-12-08 12:30:07-07:00,16,0.63,0.71,0.9
3215879,"Sampson, Stephanie",stephanie.sampson@univ.edu,3,Stephanie,Sampson,77.0,80,2019-08-29 08:56:02-07:00,50,80,2019-09-05 08:56:02-07:00,57,80,2019-09-12 08:56:02-07:00,81,100,2019-09-19 08:56:02-07:00,69,70,2019-09-26 08:56:02-07:00,84,90,2019-10-03 08:56:02-07:00,39,50,2019-10-10 08:56:02-07:00,54,70,2019-10-17 08:56:02-07:00,46,60,2019-10-24 08:56:02-07:00,59,60,2019-10-31 08:56:02-07:00,87,100,2019-10-08 12:30:07-07:00,100,100,2019-11-08 12:30:07-07:00,75,100,2019-12-08 12:30:07-07:00,6,0.87,1.0,0.75
4167411,"Myers, Brian Gary",brian.myers@univ.edu,2,Brian,Myers,75.0,80,2019-08-29 08:56:02-07:00,49,80,2019-09-05 08:56:02-07:00,53,80,2019-09-12 08:56:02-07:00,65,100,2019-09-19 08:56:02-07:00,66,70,2019-09-26 08:56:02-07:00,69,90,2019-10-03 08:56:02-07:00,49,50,2019-10-10 08:56:02-07:00,47,70,2019-10-17 08:56:02-07:00,44,60,2019-10-24 08:56:02-07:00,53,60,2019-10-31 08:56:02-07:00,74,100,2019-10-08 12:30:07-07:00,60,100,2019-11-08 12:30:07-07:00,92,100,2019-12-08 12:30:07-07:00,15,0.74,0.6,0.92
6506766,"Raymond, Troy Bryan",troy.raymond@univ.edu,3,Troy,Raymond,50.0,80,2019-08-29 08:56:02-07:00,59,80,2019-09-05 08:56:02-07:00,79,80,2019-09-12 08:56:02-07:00,98,100,2019-09-19 08:56:02-07:00,65,70,2019-09-26 08:56:02-07:00,68,90,2019-10-03 08:56:02-07:00,44,50,2019-10-10 08:56:02-07:00,66,70,2019-10-17 08:56:02-07:00,45,60,2019-10-24 08:56:02-07:00,49,60,2019-10-31 08:56:02-07:00,91,100,2019-10-08 12:30:07-07:00,67,100,2019-11-08 12:30:07-07:00,100,100,2019-12-08 12:30:07-07:00,14,0.91,0.67,1.0
1830837,"Gordon, Lori",lori.gordon@univ.edu,2,Lori,Gordon,52.0,80,2019-08-29 08:56:02-07:00,74,80,2019-09-05 08:56:02-07:00,75,80,2019-09-12 08:56:02-07:00,79,100,2019-09-19 08:56:02-07:00,67,70,2019-09-26 08:56:02-07:00,72,90,2019-10-03 08:56:02-07:00,50,50,2019-10-10 08:56:02-07:00,51,70,2019-10-17 08:56:02-07:00,40,60,2019-10-24 08:56:02-07:00,38,60,2019-10-31 08:56:02-07:00,88,100,2019-10-08 12:30:07-07:00,96,100,2019-11-08 12:30:07-07:00,76,100,2019-12-08 12:30:07-07:00,12,0.88,0.96,0.76
3137156,"Rush, Oscar",oscar.rush@univ.edu,2,Oscar,Rush,50.0,80,2019-08-29 08:56:02-07:00,56,80,2019-09-05 08:56:02-07:00,65,80,2019-09-12 08:56:02-07:00,80,100,2019-09-19 08:56:02-07:00,42,70,2019-09-26 08:56:02-07:00,68,90,2019-10-03 08:56:02-07:00,34,50,2019-10-10 08:56:02-07:00,67,70,2019-10-17 08:56:02-07:00,57,60,2019-10-24 08:56:02-07:00,40,60,2019-10-31 08:56:02-07:00,74,100,2019-10-08 12:30:07-07:00,80,100,2019-11-08 12:30:07-07:00,66,100,2019-12-08 12:30:07-07:00,7,0.74,0.8,0.66
6637567,"Holt, Crystal Heather",crystal.holt@univ.edu,2,Crystal,Holt,68.0,80,2019-08-29 08:56:02-07:00,51,80,2019-09-05 08:56:02-07:00,64,80,2019-09-12 08:56:02-07:00,91,100,2019-09-19 08:56:02-07:00,52,70,2019-09-26 08:56:02-07:00,67,90,2019-10-03 08:56:02-07:00,37,50,2019-10-10 08:56:02-07:00,43,70,2019-10-17 08:56:02-07:00,45,60,2019-10-24 08:56:02-07:00,39,60,2019-10-31 08:56:02-07:00,63,100,2019-10-08 12:30:07-07:00,97,100,2019-11-08 12:30:07-07:00,73,100,2019-12-08 12:30:07-07:00,14,0.63,0.97,0.73
8190682,"Thomas, Sandra",sandra.thomas@univ.edu,1,Sandra,Thomas,65.0,80,2019-08-29 08:56:02-07:00,66,80,2019-09-05 08:56:02-07:00,67,80,2019-09-12 08:56:02-07:00,68,100,2019-09-19 08:56:02-07:00,69,70,2019-09-26 08:56:02-07:00,65,90,2019-10-03 08:56:02-07:00,39,50,2019-10-10 08:56:02-07:00,64,70,2019-10-17 08:56:02-07:00,41,60,2019-10-24 08:56:02-07:00,38,60,2019-10-31 08:56:02-07:00,88,100,2019-10-08 12:30:07-07:00,62,100,2019-11-08 12:30:07-07:00,96,100,2019-12-08 12:30:07-07:00,14,0.88,0.62,0.96
8879507,"Bates, Nathan Stephanie",nathan.bates@univ.edu,3,Nathan,Bates,68.0,80,2019-08-29 08:56:02-07:00,67,80,2019-09-05 08:56:02-07:00,69,80,2019-09-12 08:56:02-07:00,72,100,2019-09-19 08:56:02-07:00,61,70,2019-09-26 08:56:02-07:00,80,90,2019-10-03 08:56:02-07:00,33,50,2019-10-10 08:56:02-07:00,64,70,2019-10-17 08:56:02-07:00,55,60,2019-10-24 08:56:02-07:00,55,60,2019-10-31 08:56:02-07:00,71,100,2019-10-08 12:30:07-07:00,76,100,2019-11-08 12:30:07-07:00,82,100,2019-12-08 12:30:07-07:00,6,0.71,0.76,0.82
9058767,"Campbell, Charles",charles.campbell@univ.edu,2,Charles,Campbell,60.0,80,2019-08-29 08:56:02-07:00,61,80,2019-09-05 08:56:02-07:00,63,80,2019-09-12 08:56:02-07:00,81,100,2019-09-19 08:56:02-07:00,50,70,2019-09-26 08:56:02-07:00,75,90,2019-10-03 08:56:02-07:00,44,50,2019-10-10 08:56:02-07:00,57,70,2019-10-17 08:56:02-07:00,47,60,2019-10-24 08:56:02-07:00,50,60,2019-10-31 08:56:02-07:00,66,100,2019-10-08 12:30:07-07:00,96,100,2019-11-08 12:30:07-07:00,100,100,2019-12-08 12:30:07-07:00,14,0.66,0.96,1.0
6035936,"Boyd, Victoria Kimberly",victoria.boyd@univ.edu,2,Victoria,Boyd,58.0,80,2019-08-29 08:56:02-07:00,61,80,2019-09-05 08:56:02-07:00,75,80,2019-09-12 08:56:02-07:00,99,100,2019-09-19 08:56:02-07:00,52,70,2019-09-26 08:56:02-07:00,86,90,2019-10-03 08:56:02-07:00,34,50,2019-10-10 08:56:02-07:00,51,70,2019-10-17 08:56:02-07:00,40,60,2019-10-24 08:56:02-07:00,50,60,2019-10-31 08:56:02-07:00,68,100,2019-10-08 12:30:07-07:00,93,100,2019-11-08 12:30:07-07:00,69,100,2019-12-08 12:30:07-07:00,6,0.68,0.93,0.69
3091027,"Parker, Timothy",timothy.parker@univ.edu,1,Timothy,Parker,50.0,80,2019-08-29 08:56:02-07:00,76,80,2019-09-05 08:56:02-07:00,65,80,2019-09-12 08:56:02-07:00,72,100,2019-09-19 08:56:02-07:00,68,70,2019-09-26 08:56:02-07:00,65,90,2019-10-03 08:56:02-07:00,42,50,2019-10-10 08:56:02-07:00,50,70,2019-10-17 08:56:02-07:00,43,60,2019-10-24 08:56:02-07:00,59,60,2019-10-31 08:56:02-07:00,73,100,2019-10-08 12:30:07-07:00,93,100,2019-11-08 12:30:07-07:00,66,100,2019-12-08 12:30:07-07:00,13,0.73,0.93,0.66
7240958,"Cervantes, Scott",scott.cervantes@univ.edu,3,Scott,Cervantes,51.0,80,2019-08-29 08:56:02-07:00,70,80,2019-09-05 08:56:02-07:00,65,80,2019-09-12 08:56:02-07:00,78,100,2019-09-19 08:56:02-07:00,65,70,2019-09-26 08:56:02-07:00,68,90,2019-10-03 08:56:02-07:00,45,50,2019-10-10 08:56:02-07:00,66,70,2019-10-17 08:56:02-07:00,55,60,2019-10-24 08:56:02-07:00,56,60,2019-10-31 08:56:02-07:00,60,100,2019-10-08 12:30:07-07:00,100,100,2019-11-08 12:30:07-07:00,89,100,2019-12-08 12:30:07-07:00,9,0.6,1.0,0.89
8014272,"Scott, Michelle",michelle.scott@univ.edu,2,Michelle,Scott,52.0,80,2019-08-29 08:56:02-07:00,55,80,2019-09-05 08:56:02-07:00,72,80,2019-09-12 08:56:02-07:00,66,100,2019-09-19 08:56:02-07:00,44,70,2019-09-26 08:56:02-07:00,79,90,2019-10-03 08:56:02-07:00,35,50,2019-10-10 08:56:02-07:00,52,70,2019-10-17 08:56:02-07:00,50,60,2019-10-24 08:56:02-07:00,42,60,2019-10-31 08:56:02-07:00,87,100,2019-10-08 12:30:07-07:00,77,100,2019-11-08 12:30:07-07:00,92,100,2019-12-08 12:30:07-07:00,12,0.87,0.77,0.92
1837857,"Bauer, John",john.bauer@univ.edu,1,John,Bauer,57.0,80,2019-08-29 08:56:02-07:00,70,80,2019-09-05 08:56:02-07:00,73,80,2019-09-12 08:56:02-07:00,83,100,2019-09-19 08:56:02-07:00,56,70,2019-09-26 08:56:02-07:00,89,90,2019-10-03 08:56:02-07:00,38,50,2019-10-10 08:56:02-07:00,57,70,2019-10-17 08:56:02-07:00,57,60,2019-10-24 08:56:02-07:00,44,60,2019-10-31 08:56:02-07:00,64,100,2019-10-08 12:30:07-07:00,88,100,2019-11-08 12:30:07-07:00,92,100,2019-12-08 12:30:07-07:00,13,0.64,0.88,0.92
4682582,"Ortega, Tiffany Maria",tiffany.ortega@univ.edu,1,Tiffany,Ortega,64.0,80,2019-08-29 08:56:02-07:00,56,80,2019-09-05 08:56:02-07:00,56,80,2019-09-12 08:56:02-07:00,63,100,2019-09-19 08:56:02-07:00,58,70,2019-09-26 08:56:02-07:00,79,90,2019-10-03 08:56:02-07:00,30,50,2019-10-10 08:56:02-07:00,65,70,2019-10-17 08:56:02-07:00,51,60,2019-10-24 08:56:02-07:00,51,60,2019-10-31 08:56:02-07:00,70,100,2019-10-08 12:30:07-07:00,82,100,2019-11-08 12:30:07-07:00,62,100,2019-12-08 12:30:07-07:00,15,0.7,0.82,0.62
1061475,"Rhodes, Kimberly Peter",kimberly.rhodes@univ.edu,3,Kimberly,Rhodes,60.0,80,2019-08-29 08:56:02-07:00,61,80,2019-09-05 08:56:02-07:00,60,80,2019-09-12 08:56:02-07:00,79,100,2019-09-19 08:56:02-07:00,42,70,2019-09-26 08:56:02-07:00,86,90,2019-10-03 08:56:02-07:00,34,50,2019-10-10 08:56:02-07:00,48,70,2019-10-17 08:56:02-07:00,48,60,2019-10-24 08:56:02-07:00,47,60,2019-10-31 08:56:02-07:00,61,100,2019-10-08 12:30:07-07:00,62,100,2019-11-08 12:30:07-07:00,97,100,2019-12-08 12:30:07-07:00,16,0.61,0.62,0.97
2003671,"Patrick, Mark Jennifer",mark.patrick@univ.edu,1,Mark,Patrick,70.0,80,2019-08-29 08:56:02-07:00,65,80,2019-09-05 08:56:02-07:00,73,80,2019-09-12 08:56:02-07:00,84,100,2019-09-19 08:56:02-07:00,68,70,2019-09-26 08:56:02-07:00,74,90,2019-10-03 08:56:02-07:00,34,50,2019-10-10 08:56:02-07:00,43,70,2019-10-17 08:56:02-07:00,36,60,2019-10-24 08:56:02-07:00,55,60,2019-10-31 08:56:02-07:00,92,100,2019-10-08 12:30:07-07:00,65,100,2019-11-08 12:30:07-07:00,80,100,2019-12-08 12:30:07-07:00,10,0.92,0.65,0.8
1983467,"Moore, Kimberly Andrea",kimberly.moore@univ.edu,1,Kimberly,Moore,79.0,80,2019-08-29 08:56:02-07:00,60,80,2019-09-05 08:56:02-07:00,70,80,2019-09-12 08:56:02-07:00,90,100,2019-09-19 08:56:02-07:00,54,70,2019-09-26 08:56:02-07:00,61,90,2019-10-03 08:56:02-07:00,38,50,2019-10-10 08:56:02-07:00,54,70,2019-10-17 08:56:02-07:00,46,60,2019-10-24 08:56:02-07:00,36,60,2019-10-31 08:56:02-07:00,64,100,2019-10-08 12:30:07-07:00,96,100,2019-11-08 12:30:07-07:00,64,100,2019-12-08 12:30:07-07:00,17,0.64,0.96,0.64
4288557,"Jones, Daniel Carolyn",daniel.jones@univ.edu,1,Daniel,Jones,61.0,80,2019-08-29 08:56:02-07:00,49,80,2019-09-05 08:56:02-07:00,78,80,2019-09-12 08:56:02-07:00,98,100,2019-09-19 08:56:02-07:00,56,70,2019-09-26 08:56:02-07:00,85,90,2019-10-03 08:56:02-07:00,32,50,2019-10-10 08:56:02-07:00,42,70,2019-10-17 08:56:02-07:00,40,60,2019-10-24 08:56:02-07:00,58,60,2019-10-31 08:56:02-07:00,79,100,2019-10-08 12:30:07-07:00,68,100,2019-11-08 12:30:07-07:00,61,100,2019-12-08 12:30:07-07:00,11,0.79,0.68,0.61
6600559,"Adams, Amy Robert",amy.adams@univ.edu,1,Amy,Adams,49.0,80,2019-08-29 08:56:02-07:00,53,80,2019-09-05 08:56:02-07:00,55,80,2019-09-12 08:56:02-07:00,78,100,2019-09-19 08:56:02-07:00,46,70,2019-09-26 08:56:02-07:00,59,90,2019-10-03 08:56:02-07:00,49,50,2019-10-10 08:56:02-07:00,58,70,2019-10-17 08:56:02-07:00,39,60,2019-10-24 08:56:02-07:00,54,60,2019-10-31 08:56:02-07:00,87,100,2019-10-08 12:30:07-07:00,74,100,2019-11-08 12:30:07-07:00,76,100,2019-12-08 12:30:07-07:00,12,0.87,0.74,0.76
4587323,"Jones, Sarah",sarah.jones@univ.edu,3,Sarah,Jones,62.0,80,2019-08-29 08:56:02-07:00,49,80,2019-09-05 08:56:02-07:00,55,80,2019-09-12 08:56:02-07:00,80,100,2019-09-19 08:56:02-07:00,49,70,2019-09-26 08:56:02-07:00,71,90,2019-10-03 08:56:02-07:00,37,50,2019-10-10 08:56:02-07:00,60,70,2019-10-17 08:56:02-07:00,36,60,2019-10-24 08:56:02-07:00,37,60,2019-10-31 08:56:02-07:00,89,100,2019-10-08 12:30:07-07:00,68,100,2019-11-08 12:30:07-07:00,94,100,2019-12-08 12:30:07-07:00,15,0.89,0.68,0.94
8065342,"Garza, Jessica Allison",jessica.garza@univ.edu,1,Jessica,Garza,49.0,80,2019-08-29 08:56:02-07:00,77,80,2019-09-05 08:56:02-07:00,71,80,2019-09-12 08:56:02-07:00,69,100,2019-09-19 08:56:02-07:00,44,70,2019-09-26 08:56:02-07:00,74,90,2019-10-03 08:56:02-07:00,46,50,2019-10-10 08:56:02-07:00,64,70,2019-10-17 08:56:02-07:00,46,60,2019-10-24 08:56:02-07:00,55,60,2019-10-31 08:56:02-07:00,90,100,2019-10-08 12:30:07-07:00,79,100,2019-11-08 12:30:07-07:00,62,100,2019-12-08 12:30:07-07:00,16,0.9,0.79,0.62
5824785,"Dudley, Emily Emily",emily.dudley@univ.edu,1,Emily,Dudley,53.0,80,2019-08-29 08:56:02-07:00,80,80,2019-09-05 08:56:02-07:00,62,80,2019-09-12 08:56:02-07:00,93,100,2019-09-19 08:56:02-07:00,70,70,2019-09-26 08:56:02-07:00,62,90,2019-10-03 08:56:02-07:00,40,50,2019-10-10 08:56:02-07:00,62,70,2019-10-17 08:56:02-07:00,37,60,2019-10-24 08:56:02-07:00,37,60,2019-10-31 08:56:02-07:00,96,100,2019-10-08 12:30:07-07:00,73,100,2019-11-08 12:30:07-07:00,76,100,2019-12-08 12:30:07-07:00,8,0.96,0.73,0.76
6427493,"Hart, Colleen",colleen.hart@univ.edu,1,Colleen,Hart,48.0,80,2019-08-29 08:56:02-07:00,70,80,2019-09-05 08:56:02-07:00,59,80,2019-09-12 08:56:02-07:00,81,100,2019-09-19 08:56:02-07:00,46,70,2019-09-26 08:56:02-07:00,62,90,2019-10-03 08:56:02-07:00,38,50,2019-10-10 08:56:02-07:00,52,70,2019-10-17 08:56:02-07:00,45,60,2019-10-24 08:56:02-07:00,59,60,2019-10-31 08:56:02-07:00,68,100,2019-10-08 12:30:07-07:00,72,100,2019-11-08 12:30:07-07:00,62,100,2019-12-08 12:30:07-07:00,17,0.68,0.72,0.62
1791350,"Rodriguez, Alexander Katelyn",alexander.rodriguez@univ.edu,2,Alexander,Rodriguez,50.0,80,2019-08-29 08:56:02-07:00,54,80,2019-09-05 08:56:02-07:00,74,80,2019-09-12 08:56:02-07:00,75,100,2019-09-19 08:56:02-07:00,54,70,2019-09-26 08:56:02-07:00,59,90,2019-10-03 08:56:02-07:00,38,50,2019-10-10 08:56:02-07:00,43,70,2019-10-17 08:56:02-07:00,38,60,2019-10-24 08:56:02-07:00,47,60,2019-10-31 08:56:02-07:00,97,100,2019-10-08 12:30:07-07:00,97,100,2019-11-08 12:30:07-07:00,81,100,2019-12-08 12:30:07-07:00,16,0.97,0.97,0.81
4477527,"Smith, Samantha",samantha.smith@univ.edu,2,Samantha,Smith,48.0,80,2019-08-29 08:56:02-07:00,61,80,2019-09-05 08:56:02-07:00,49,80,2019-09-12 08:56:02-07:00,70,100,2019-09-19 08:56:02-07:00,61,70,2019-09-26 08:56:02-07:00,87,90,2019-10-03 08:56:02-07:00,36,50,2019-10-10 08:56:02-07:00,59,70,2019-10-17 08:56:02-07:00,53,60,2019-10-24 08:56:02-07:00,44,60,2019-10-31 08:56:02-07:00,69,100,2019-10-08 12:30:07-07:00,100,100,2019-11-08 12:30:07-07:00,74,100,2019-12-08 12:30:07-07:00,17,0.69,1.0,0.74
7308367,"Lester, Aaron",aaron.lester@univ.edu,2,Aaron,Lester,68.0,80,2019-08-29 08:56:02-07:00,74,80,2019-09-05 08:56:02-07:00,77,80,2019-09-12 08:56:02-07:00,89,100,2019-09-19 08:56:02-07:00,51,70,2019-09-26 08:56:02-07:00,87,90,2019-10-03 08:56:02-07:00,33,50,2019-10-10 08:56:02-07:00,48,70,2019-10-17 08:56:02-07:00,42,60,2019-10-24 08:56:02-07:00,41,60,2019-10-31 08:56:02-07:00,79,100,2019-10-08 12:30:07-07:00,63,100,2019-11-08 12:30:07-07:00,68,100,2019-12-08 12:30:07-07:00,10,0.79,0.63,0.68
2858583,"Mccall, Kimberly",kimberly.mccall@univ.edu,3,Kimberly,Mccall,61.0,80,2019-08-29 08:56:02-07:00,53,80,2019-09-05 08:56:02-07:00,79,80,2019-09-12 08:56:02-07:00,95,100,2019-09-19 08:56:02-07:00,44,70,2019-09-26 08:56:02-07:00,87,90,2019-10-03 08:56:02-07:00,36,50,2019-10-10 08:56:02-07:00,48,70,2019-10-17 08:56:02-07:00,60,60,2019-10-24 08:56:02-07:00,57,60,2019-10-31 08:56:02-07:00,79,100,2019-10-08 12:30:07-07:00,98,100,2019-11-08 12:30:07-07:00,60,100,2019-12-08 12:30:07-07:00,10,0.79,0.98,0.6
3792268,"Baldwin, Lucas",lucas.baldwin@univ.edu,1,Lucas,Baldwin,79.0,80,2019-08-29 08:56:02-07:00,50,80,2019-09-05 08:56:02-07:00,77,80,2019-09-12 08:56:02-07:00,95,100,2019-09-19 08:56:02-07:00,55,70,2019-09-26 08:56:02-07:00,76,90,2019-10-03 08:56:02-07:00,30,50,2019-10-10 08:56:02-07:00,67,70,2019-10-17 08:56:02-07:00,55,60,2019-10-24 08:56:02-07:00,50,60,2019-10-31 08:56:02-07:00,83,100,2019-10-08 12:30:07-07:00,74,100,2019-11-08 12:30:07-07:00,97,100,2019-12-08 12:30:07-07:00,9,0.83,0.74,0.97
3330029,"Reyes, Jason",jason.reyes@univ.edu,3,Jason,Reyes,67.0,80,2019-08-29 08:56:02-07:00,66,80,2019-09-05 08:56:02-07:00,65,80,2019-09-12 08:56:02-07:00,68,100,2019-09-19 08:56:02-07:00,57,70,2019-09-26 08:56:02-07:00,70,90,2019-10-03 08:56:02-07:00,34,50,2019-10-10 08:56:02-07:00,64,70,2019-10-17 08:56:02-07:00,57,60,2019-10-24 08:56:02-07:00,44,60,2019-10-31 08:56:02-07:00,70,100,2019-10-08 12:30:07-07:00,81,100,2019-11-08 12:30:07-07:00,86,100,2019-12-08 12:30:07-07:00,13,0.7,0.81,0.86
7761687,"Lee, Michelle",michelle.lee@univ.edu,1,Michelle,Lee,56.0,80,2019-08-29 08:56:02-07:00,68,80,2019-09-05 08:56:02-07:00,57,80,2019-09-12 08:56:02-07:00,74,100,2019-09-19 08:56:02-07:00,53,70,2019-09-26 08:56:02-07:00,89,90,2019-10-03 08:56:02-07:00,32,50,2019-10-10 08:56:02-07:00,57,70,2019-10-17 08:56:02-07:00,48,60,2019-10-24 08:56:02-07:00,39,60,2019-10-31 08:56:02-07:00,91,100,2019-10-08 12:30:07-07:00,76,100,2019-11-08 12:30:07-07:00,77,100,2019-12-08 12:30:07-07:00,16,0.91,0.76,0.77
5461012,"Duffy, Erin",erin.duffy@univ.edu,1,Erin,Duffy,66.0,80,2019-08-29 08:56:02-07:00,54,80,2019-09-05 08:56:02-07:00,50,80,2019-09-12 08:56:02-07:00,65,100,2019-09-19 08:56:02-07:00,56,70,2019-09-26 08:56:02-07:00,65,90,2019-10-03 08:56:02-07:00,35,50,2019-10-10 08:56:02-07:00,46,70,2019-10-17 08:56:02-07:00,46,60,2019-10-24 08:56:02-07:00,59,60,2019-10-31 08:56:02-07:00,85,100,2019-10-08 12:30:07-07:00,92,100,2019-11-08 12:30:07-07:00,88,100,2019-12-08 12:30:07-07:00,14,0.85,0.92,0.88
3774708,"Johnson, Dylan",dylan.johnson@univ.edu,3,Dylan,Johnson,61.0,80,2019-08-29 08:56:02-07:00,48,80,2019-09-05 08:56:02-07:00,59,80,2019-09-12 08:56:02-07:00,71,100,2019-09-19 08:56:02-07:00,42,70,2019-09-26 08:56:02-07:00,75,90,2019-10-03 08:56:02-07:00,50,50,2019-10-10 08:56:02-07:00,49,70,2019-10-17 08:56:02-07:00,36,60,2019-10-24 08:56:02-07:00,50,60,2019-10-31 08:56:02-07:00,72,100,2019-10-08 12:30:07-07:00,64,100,2019-11-08 12:30:07-07:00,99,100,2019-12-08 12:30:07-07:00,15,0.72,0.64,0.99
2575196,"Odom, John",john.odom@univ.edu,2,John,Odom,59.0,80,2019-08-29 08:56:02-07:00,59,80,2019-09-05 08:56:02-07:00,60,80,2019-09-12 08:56:02-07:00,61,100,2019-09-19 08:56:02-07:00,44,70,2019-09-26 08:56:02-07:00,62,90,2019-10-03 08:56:02-07:00,34,50,2019-10-10 08:56:02-07:00,66,70,2019-10-17 08:56:02-07:00,52,60,2019-10-24 08:56:02-07:00,55,60,2019-10-31 08:56:02-07:00,85,100,2019-10-08 12:30:07-07:00,100,100,2019-11-08 12:30:07-07:00,80,100,2019-12-08 12:30:07-07:00,8,0.85,1.0,0.8
7782005,"Smith, Matthew",matthew.smith@univ.edu,1,Matthew,Smith,75.0,80,2019-08-29 08:56:02-07:00,53,80,2019-09-05 08:56:02-07:00,57,80,2019-09-12 08:56:02-07:00,69,100,2019-09-19 08:56:02-07:00,53,70,2019-09-26 08:56:02-07:00,78,90,2019-10-03 08:56:02-07:00,50,50,2019-10-10 08:56:02-07:00,51,70,2019-10-17 08:56:02-07:00,47,60,2019-10-24 08:56:02-07:00,42,60,2019-10-31 08:56:02-07:00,66,100,2019-10-08 12:30:07-07:00,63,100,2019-11-08 12:30:07-07:00,93,100,2019-12-08 12:30:07-07:00,7,0.66,0.63,0.93
3419285,"Foster, Tommy",tommy.foster@univ.edu,1,Tommy,Foster,49.0,80,2019-08-29 08:56:02-07:00,63,80,2019-09-05 08:56:02-07:00,51,80,2019-09-12 08:56:02-07:00,83,100,2019-09-19 08:56:02-07:00,64,70,2019-09-26 08:56:02-07:00,86,90,2019-10-03 08:56:02-07:00,32,50,2019-10-10 08:56:02-07:00,56,70,2019-10-17 08:56:02-07:00,51,60,2019-10-24 08:56:02-07:00,38,60,2019-10-31 08:56:02-07:00,78,100,2019-10-08 12:30:07-07:00,88,100,2019-11-08 12:30:07-07:00,65,100,2019-12-08 12:30:07-07:00,7,0.78,0.88,0.65
1441344,"Bryan, Bradley",bradley.bryan@univ.edu,3,Bradley,Bryan,55.0,80,2019-08-29 08:56:02-07:00,65,80,2019-09-05 08:56:02-07:00,63,80,2019-09-12 08:56:02-07:00,86,100,2019-09-19 08:56:02-07:00,68,70,2019-09-26 08:56:02-07:00,86,90,2019-10-03 08:56:02-07:00,44,50,2019-10-10 08:56:02-07:00,69,70,2019-10-17 08:56:02-07:00,48,60,2019-10-24 08:56:02-07:00,47,60,2019-10-31 08:56:02-07:00,96,100,2019-10-08 12:30:07-07:00,82,100,2019-11-08 12:30:07-07:00,66,100,2019-12-08 12:30:07-07:00,8,0.96,0.82,0.66
4463768,"Underwood, James",james.underwood@univ.edu,1,James,Underwood,65.0,80,2019-08-29 08:56:02-07:00,74,80,2019-09-05 08:56:02-07:00,73,80,2019-09-12 08:56:02-07:00,81,100,2019-09-19 08:56:02-07:00,66,70,2019-09-26 08:56:02-07:00,79,90,2019-10-03 08:56:02-07:00,40,50,2019-10-10 08:56:02-07:00,45,70,2019-10-17 08:56:02-07:00,51,60,2019-10-24 08:56:02-07:00,39,60,2019-10-31 08:56:02-07:00,77,100,2019-10-08 12:30:07-07:00,76,100,2019-11-08 12:30:07-07:00,84,100,2019-12-08 12:30:07-07:00,8,0.77,0.76,0.84
9227999,"Smith, Kerry",kerry.smith@univ.edu,1,Kerry,Smith,53.0,80,2019-08-29 08:56:02-07:00,73,80,2019-09-05 08:56:02-07:00,53,80,2019-09-12 08:56:02-07:00,71,100,2019-09-19 08:56:02-07:00,63,70,2019-09-26 08:56:02-07:00,69,90,2019-10-03 08:56:02-07:00,50,50,2019-10-10 08:56:02-07:00,44,70,2019-10-17 08:56:02-07:00,55,60,2019-10-24 08:56:02-07:00,49,60,2019-10-31 08:56:02-07:00,62,100,2019-10-08 12:30:07-07:00,95,100,2019-11-08 12:30:07-07:00,84,100,2019-12-08 12:30:07-07:00,16,0.62,0.95,0.84
7014488,"Hunt, Brett Caroline",brett.hunt@univ.edu,1,Brett,Hunt,72.0,80,2019-08-29 08:56:02-07:00,72,80,2019-09-05 08:56:02-07:00,57,80,2019-09-12 08:56:02-07:00,77,100,2019-09-19 08:56:02-07:00,62,70,2019-09-26 08:56:02-07:00,78,90,2019-10-03 08:56:02-07:00,43,50,2019-10-10 08:56:02-07:00,42,70,2019-10-17 08:56:02-07:00,43,60,2019-10-24 08:56:02-07:00,58,60,2019-10-31 08:56:02-07:00,85,100,2019-10-08 12:30:07-07:00,72,100,2019-11-08 12:30:07-07:00,89,100,2019-12-08 12:30:07-07:00,16,0.85,0.72,0.89
7378241,"Patterson, Nicole Jennifer",nicole.patterson@univ.edu,3,Nicole,Patterson,66.0,80,2019-08-29 08:56:02-07:00,66,80,2019-09-05 08:56:02-07:00,55,80,2019-09-12 08:56:02-07:00,89,100,2019-09-19 08:56:02-07:00,49,70,2019-09-26 08:56:02-07:00,83,90,2019-10-03 08:56:02-07:00,48,50,2019-10-10 08:56:02-07:00,59,70,2019-10-17 08:56:02-07:00,37,60,2019-10-24 08:56:02-07:00,53,60,2019-10-31 08:56:02-07:00,96,100,2019-10-08 12:30:07-07:00,91,100,2019-11-08 12:30:07-07:00,95,100,2019-12-08 12:30:07-07:00,10,0.96,0.91,0.95
9006041,"Evans, Patricia",patricia.evans@univ.edu,3,Patricia,Evans,57.0,80,2019-08-29 08:56:02-07:00,74,80,2019-09-05 08:56:02-07:00,69,80,2019-09-12 08:56:02-07:00,64,100,2019-09-19 08:56:02-07:00,57,70,2019-09-26 08:56:02-07:00,66,90,2019-10-03 08:56:02-07:00,40,50,2019-10-10 08:56:02-07:00,69,70,2019-10-17 08:56:02-07:00,44,60,2019-10-24 08:56:02-07:00,48,60,2019-10-31 08:56:02-07:00,72,100,2019-10-08 12:30:07-07:00,91,100,2019-11-08 12:30:07-07:00,68,100,2019-12-08 12:30:07-07:00,8,0.72,0.91,0.68
9103057,"Flores, Russell Chad",russell.flores@univ.edu,2,Russell,Flores,48.0,80,2019-08-29 08:56:02-07:00,68,80,2019-09-05 08:56:02-07:00,71,80,2019-09-12 08:56:02-07:00,77,100,2019-09-19 08:56:02-07:00,68,70,2019-09-26 08:56:02-07:00,90,90,2019-10-03 08:56:02-07:00,30,50,2019-10-10 08:56:02-07:00,64,70,2019-10-17 08:56:02-07:00,47,60,2019-10-24 08:56:02-07:00,56,60,2019-10-31 08:56:02-07:00,64,100,2019-10-08 12:30:07-07:00,78,100,2019-11-08 12:30:07-07:00,98,100,2019-12-08 12:30:07-07:00,13,0.64,0.78,0.98
1348888,"Taylor, Michael Ashley",michael.taylor@univ.edu,2,Michael,Taylor,58.0,80,2019-08-29 08:56:02-07:00,60,80,2019-09-05 08:56:02-07:00,50,80,2019-09-12 08:56:02-07:00,72,100,2019-09-19 08:56:02-07:00,46,70,2019-09-26 08:56:02-07:00,68,90,2019-10-03 08:56:02-07:00,37,50,2019-10-10 08:56:02-07:00,49,70,2019-10-17 08:56:02-07:00,47,60,2019-10-24 08:56:02-07:00,36,60,2019-10-31 08:56:02-07:00,91,100,2019-10-08 12:30:07-07:00,68,100,2019-11-08 12:30:07-07:00,66,100,2019-12-08 12:30:07-07:00,13,0.91,0.68,0.66
8966419,"Warren, Angela",angela.warren@univ.edu,1,Angela,Warren,54.0,80,2019-08-29 08:56:02-07:00,62,80,2019-09-05 08:56:02-07:00,59,80,2019-09-12 08:56:02-07:00,77,100,2019-09-19 08:56:02-07:00,59,70,2019-09-26 08:56:02-07:00,85,90,2019-10-03 08:56:02-07:00,44,50,2019-10-10 08:56:02-07:00,55,70,2019-10-17 08:56:02-07:00,58,60,2019-10-24 08:56:02-07:00,48,60,2019-10-31 08:56:02-07:00,70,100,2019-10-08 12:30:07-07:00,84,100,2019-11-08 12:30:07-07:00,78,100,2019-12-08 12:30:07-07:00,10,0.7,0.84,0.78
9975979,"Perez, Jeffrey",jeffrey.perez@univ.edu,3,Jeffrey,Perez,50.0,80,2019-08-29 08:56:02-07:00,56,80,2019-09-05 08:56:02-07:00,50,80,2019-09-12 08:56:02-07:00,100,100,2019-09-19 08:56:02-07:00,53,70,2019-09-26 08:56:02-07:00,86,90,2019-10-03 08:56:02-07:00,41,50,2019-10-10 08:56:02-07:00,58,70,2019-10-17 08:56:02-07:00,44,60,2019-10-24 08:56:02-07:00,51,60,2019-10-31 08:56:02-07:00,67,100,2019-10-08 12:30:07-07:00,81,100,2019-11-08 12:30:07-07:00,95,100,2019-12-08 12:30:07-07:00,12,0.67,0.81,0.95
4762255,"Wolf, Courtney",courtney.wolf@univ.edu,2,Courtney,Wolf,80.0,80,2019-08-29 08:56:02-07:00,79,80,2019-09-05 08:56:02-07:00,66,80,2019-09-12 08:56:02-07:00,63,100,2019-09-19 08:56:02-07:00,56,70,2019-09-26 08:56:02-07:00,71,90,2019-10-03 08:56:02-07:00,48,50,2019-10-10 08:56:02-07:00,43,70,2019-10-17 08:56:02-07:00,52,60,2019-10-24 08:56:02-07:00,43,60,2019-10-31 08:56:02-07:00,88,100,2019-10-08 12:30:07-07:00,86,100,2019-11-08 12:30:07-07:00,62,100,2019-12-08 12:30:07-07:00,9,0.88,0.86,0.62
7648182,"Dunn, Amy",amy.dunn@univ.edu,3,Amy,Dunn,72.0,80,2019-08-29 08:56:02-07:00,61,80,2019-09-05 08:56:02-07:00,50,80,2019-09-12 08:56:02-07:00,90,100,2019-09-19 08:56:02-07:00,47,70,2019-09-26 08:56:02-07:00,72,90,2019-10-03 08:56:02-07:00,43,50,2019-10-10 08:56:02-07:00,49,70,2019-10-17 08:56:02-07:00,48,60,2019-10-24 08:56:02-07:00,50,60,2019-10-31 08:56:02-07:00,93,100,2019-10-08 12:30:07-07:00,96,100,2019-11-08 12:30:07-07:00,86,100,2019-12-08 12:30:07-07:00,6,0.93,0.96,0.86
3042477,"Poole, Melissa",melissa.poole@univ.edu,3,Melissa,Poole,62.0,80,2019-08-29 08:56:02-07:00,70,80,2019-09-05 08:56:02-07:00,70,80,2019-09-12 08:56:02-07:00,73,100,2019-09-19 08:56:02-07:00,54,70,2019-09-26 08:56:02-07:00,82,90,2019-10-03 08:56:02-07:00,43,50,2019-10-10 08:56:02-07:00,65,70,2019-10-17 08:56:02-07:00,54,60,2019-10-24 08:56:02-07:00,51,60,2019-10-31 08:56:02-07:00,88,100,2019-10-08 12:30:07-07:00,97,100,2019-11-08 12:30:07-07:00,83,100,2019-12-08 12:30:07-07:00,17,0.88,0.97,0.83
6253243,"Dunlap, Angela",angela.dunlap@univ.edu,2,Angela,Dunlap,49.0,80,2019-08-29 08:56:02-07:00,73,80,2019-09-05 08:56:02-07:00,71,80,2019-09-12 08:56:02-07:00,75,100,2019-09-19 08:56:02-07:00,62,70,2019-09-26 08:56:02-07:00,64,90,2019-10-03 08:56:02-07:00,41,50,2019-10-10 08:56:02-07:00,66,70,2019-10-17 08:56:02-07:00,42,60,2019-10-24 08:56:02-07:00,56,60,2019-10-31 08:56:02-07:00,82,100,2019-10-08 12:30:07-07:00,64,100,2019-11-08 12:30:07-07:00,92,100,2019-12-08 12:30:07-07:00,11,0.82,0.64,0.92
7543126,"Wilkerson, Levi Kayla",levi.wilkerson@univ.edu,3,Levi,Wilkerson,52.0,80,2019-08-29 08:56:02-07:00,80,80,2019-09-05 08:56:02-07:00,75,80,2019-09-12 08:56:02-07:00,62,100,2019-09-19 08:56:02-07:00,43,70,2019-09-26 08:56:02-07:00,70,90,2019-10-03 08:56:02-07:00,33,50,2019-10-10 08:56:02-07:00,42,70,2019-10-17 08:56:02-07:00,38,60,2019-10-24 08:56:02-07:00,42,60,2019-10-31 08:56:02-07:00,71,100,2019-10-08 12:30:07-07:00,96,100,2019-11-08 12:30:07-07:00,93,100,2019-12-08 12:30:07-07:00,8,0.71,0.96,0.93
1289689,"Gonzalez, Matthew Justin",matthew.gonzalez@univ.edu,1,Matthew,Gonzalez,75.0,80,2019-08-29 08:56:02-07:00,74,80,2019-09-05 08:56:02-07:00,76,80,2019-09-12 08:56:02-07:00,70,100,2019-09-19 08:56:02-07:00,46,70,2019-09-26 08:56:02-07:00,62,90,2019-10-03 08:56:02-07:00,45,50,2019-10-10 08:56:02-07:00,49,70,2019-10-17 08:56:02-07:00,58,60,2019-10-24 08:56:02-07:00,52,60,2019-10-31 08:56:02-07:00,78,100,2019-10-08 12:30:07-07:00,73,100,2019-11-08 12:30:07-07:00,60,100,2019-12-08 12:30:07-07:00,16,0.78,0.73,0.6
8786799,"Nguyen, Donna",donna.nguyen@univ.edu,1,Donna,Nguyen,52.0,80,2019-08-29 08:56:02-07:00,78,80,2019-09-05 08:56:02-07:00,59,80,2019-09-12 08:56:02-07:00,76,100,2019-09-19 08:56:02-07:00,55,70,2019-09-26 08:56:02-07:00,58,90,2019-10-03 08:56:02-07:00,32,50,2019-10-10 08:56:02-07:00,65,70,2019-10-17 08:56:02-07:00,48,60,2019-10-24 08:56:02-07:00,46,60,2019-10-31 08:56:02-07:00,70,100,2019-10-08 12:30:07-07:00,87,100,2019-11-08 12:30:07-07:00,64,100,2019-12-08 12:30:07-07:00,14,0.7,0.87,0.64
6936009,"Stevens, Marcia",marcia.stevens@univ.edu,2,Marcia,Stevens,51.0,80,2019-08-29 08:56:02-07:00,72,80,2019-09-05 08:56:02-07:00,60,80,2019-09-12 08:56:02-07:00,84,100,2019-09-19 08:56:02-07:00,68,70,2019-09-26 08:56:02-07:00,73,90,2019-10-03 08:56:02-07:00,50,50,2019-10-10 08:56:02-07:00,65,70,2019-10-17 08:56:02-07:00,59,60,2019-10-24 08:56:02-07:00,59,60,2019-10-31 08:56:02-07:00,63,100,2019-10-08 12:30:07-07:00,99,100,2019-11-08 12:30:07-07:00,83,100,2019-12-08 12:30:07-07:00,17,0.63,0.99,0.83
2685279,"Allen, Christina",christina.allen@univ.edu,1,Christina,Allen,63.0,80,2019-08-29 08:56:02-07:00,78,80,2019-09-05 08:56:02-07:00,76,80,2019-09-12 08:56:02-07:00,68,100,2019-09-19 08:56:02-07:00,53,70,2019-09-26 08:56:02-07:00,83,90,2019-10-03 08:56:02-07:00,44,50,2019-10-10 08:56:02-07:00,69,70,2019-10-17 08:56:02-07:00,39,60,2019-10-24 08:56:02-07:00,43,60,2019-10-31 08:56:02-07:00,60,100,2019-10-08 12:30:07-07:00,70,100,2019-11-08 12:30:07-07:00,67,100,2019-12-08 12:30:07-07:00,14,0.6,0.7,0.67
3795891,"Mann, Nicole",nicole.mann@univ.edu,1,Nicole,Mann,73.0,80,2019-08-29 08:56:02-07:00,53,80,2019-09-05 08:56:02-07:00,80,80,2019-09-12 08:56:02-07:00,75,100,2019-09-19 08:56:02-07:00,60,70,2019-09-26 08:56:02-07:00,88,90,2019-10-03 08:56:02-07:00,49,50,2019-10-10 08:56:02-07:00,70,70,2019-10-17 08:56:02-07:00,54,60,2019-10-24 08:56:02-07:00,45,60,2019-10-31 08:56:02-07:00,99,100,2019-10-08 12:30:07-07:00,85,100,2019-11-08 12:30:07-07:00,97,100,2019-12-08 12:30:07-07:00,12,0.99,0.85,0.97
9756042,"Johnson, Tara",tara.johnson@univ.edu,2,Tara,Johnson,53.0,80,2019-08-29 08:56:02-07:00,74,80,2019-09-05 08:56:02-07:00,65,80,2019-09-12 08:56:02-07:00,82,100,2019-09-19 08:56:02-07:00,45,70,2019-09-26 08:56:02-07:00,59,90,2019-10-03 08:56:02-07:00,48,50,2019-10-10 08:56:02-07:00,56,70,2019-10-17 08:56:02-07:00,40,60,2019-10-24 08:56:02-07:00,57,60,2019-10-31 08:56:02-07:00,71,100,2019-10-08 12:30:07-07:00,91,100,2019-11-08 12:30:07-07:00,95,100,2019-12-08 12:30:07-07:00,10,0.71,0.91,0.95
5227994,"Johnson, Paul Mark",paul.johnson@univ.edu,3,Paul,Johnson,73.0,80,2019-08-29 08:56:02-07:00,50,80,2019-09-05 08:56:02-07:00,55,80,2019-09-12 08:56:02-07:00,65,100,2019-09-19 08:56:02-07:00,47,70,2019-09-26 08:56:02-07:00,76,90,2019-10-03 08:56:02-07:00,32,50,2019-10-10 08:56:02-07:00,55,70,2019-10-17 08:56:02-07:00,40,60,2019-10-24 08:56:02-07:00,51,60,2019-10-31 08:56:02-07:00,84,100,2019-10-08 12:30:07-07:00,80,100,2019-11-08 12:30:07-07:00,94,100,2019-12-08 12:30:07-07:00,9,0.84,0.8,0.94
9804556,"Lee, Danielle Stephanie",danielle.lee@univ.edu,3,Danielle,Lee,69.0,80,2019-08-29 08:56:02-07:00,51,80,2019-09-05 08:56:02-07:00,70,80,2019-09-12 08:56:02-07:00,96,100,2019-09-19 08:56:02-07:00,51,70,2019-09-26 08:56:02-07:00,77,90,2019-10-03 08:56:02-07:00,37,50,2019-10-10 08:56:02-07:00,52,70,2019-10-17 08:56:02-07:00,49,60,2019-10-24 08:56:02-07:00,57,60,2019-10-31 08:56:02-07:00,62,100,2019-10-08 12:30:07-07:00,70,100,2019-11-08 12:30:07-07:00,90,100,2019-12-08 12:30:07-07:00,10,0.62,0.7,0.9
1783442,"Edwards, Nicole",nicole.edwards@univ.edu,3,Nicole,Edwards,62.0,80,2019-08-29 08:56:02-07:00,76,80,2019-09-05 08:56:02-07:00,62,80,2019-09-12 08:56:02-07:00,79,100,2019-09-19 08:56:02-07:00,64,70,2019-09-26 08:56:02-07:00,74,90,2019-10-03 08:56:02-07:00,37,50,2019-10-10 08:56:02-07:00,58,70,2019-10-17 08:56:02-07:00,58,60,2019-10-24 08:56:02-07:00,51,60,2019-10-31 08:56:02-07:00,89,100,2019-10-08 12:30:07-07:00,63,100,2019-11-08 12:30:07-07:00,65,100,2019-12-08 12:30:07-07:00,9,0.89,0.63,0.65
6345758,"Reyes, Bailey",bailey.reyes@univ.edu,2,Bailey,Reyes,53.0,80,2019-08-29 08:56:02-07:00,50,80,2019-09-05 08:56:02-07:00,55,80,2019-09-12 08:56:02-07:00,97,100,2019-09-19 08:56:02-07:00,57,70,2019-09-26 08:56:02-07:00,75,90,2019-10-03 08:56:02-07:00,39,50,2019-10-10 08:56:02-07:00,64,70,2019-10-17 08:56:02-07:00,41,60,2019-10-24 08:56:02-07:00,46,60,2019-10-31 08:56:02-07:00,90,100,2019-10-08 12:30:07-07:00,72,100,2019-11-08 12:30:07-07:00,71,100,2019-12-08 12:30:07-07:00,17,0.9,0.72,0.71
5566719,"Walls, Joyce",joyce.walls@univ.edu,1,Joyce,Walls,59.0,80,2019-08-29 08:56:02-07:00,77,80,2019-09-05 08:56:02-07:00,61,80,2019-09-12 08:56:02-07:00,84,100,2019-09-19 08:56:02-07:00,44,70,2019-09-26 08:56:02-07:00,64,90,2019-10-03 08:56:02-07:00,40,50,2019-10-10 08:56:02-07:00,45,70,2019-10-17 08:56:02-07:00,40,60,2019-10-24 08:56:02-07:00,42,60,2019-10-31 08:56:02-07:00,69,100,2019-10-08 12:30:07-07:00,73,100,2019-11-08 12:30:07-07:00,91,100,2019-12-08 12:30:07-07:00,9,0.69,0.73,0.91
